event_id,horizon,origin,phase,reason
2022-01-01 00:00:00+00:00,1,2021-12-31 23:00:00+00:00,validation,origin_precedes_monthly_fit
2022-01-01 00:00:00+00:00,2,2021-12-31 22:00:00+00:00,validation,origin_precedes_monthly_fit
2022-01-01 00:00:00+00:00,4,2021-12-31 20:00:00+00:00,validation,origin_precedes_monthly_fit
2022-01-01 00:00:00+00:00,6,2021-12-31 18:00:00+00:00,validation,origin_precedes_monthly_fit
2022-02-01 00:00:00+00:00,1,2022-01-31 23:00:00+00:00,validation,origin_precedes_monthly_fit
2022-02-01 00:00:00+00:00,2,2022-01-31 22:00:00+00:00,validation,origin_precedes_monthly_fit
2022-02-01 00:00:00+00:00,4,2022-01-31 20:00:00+00:00,validation,origin_precedes_monthly_fit
2022-02-01 00:00:00+00:00,6,2022-01-31 18:00:00+00:00,validation,origin_precedes_monthly_fit
2022-03-01 00:00:00+00:00,1,2022-02-28 23:00:00+00:00,validation,origin_precedes_monthly_fit
2022-03-01 00:00:00+00:00,2,2022-02-28 22:00:00+00:00,validation,origin_precedes_monthly_fit
2022-03-01 00:00:00+00:00,4,2022-02-28 20:00:00+00:00,validation,origin_precedes_monthly_fit
2022-03-01 00:00:00+00:00,6,2022-02-28 18:00:00+00:00,validation,origin_precedes_monthly_fit
2022-04-01 00:00:00+00:00,1,2022-03-31 23:00:00+00:00,validation,origin_precedes_monthly_fit
2022-04-01 00:00:00+00:00,2,2022-03-31 22:00:00+00:00,validation,origin_precedes_monthly_fit
2022-04-01 00:00:00+00:00,4,2022-03-31 20:00:00+00:00,validation,origin_precedes_monthly_fit
2022-04-01 00:00:00+00:00,6,2022-03-31 18:00:00+00:00,validation,origin_precedes_monthly_fit
2022-05-01 00:00:00+00:00,1,2022-04-30 23:00:00+00:00,validation,origin_precedes_monthly_fit
2022-05-01 00:00:00+00:00,2,2022-04-30 22:00:00+00:00,validation,origin_precedes_monthly_fit
2022-05-01 00:00:00+00:00,4,2022-04-30 20:00:00+00:00,validation,origin_precedes_monthly_fit
2022-05-01 00:00:00+00:00,6,2022-04-30 18:00:00+00:00,validation,origin_precedes_monthly_fit
2022-06-01 00:00:00+00:00,1,2022-05-31 23:00:00+00:00,validation,origin_precedes_monthly_fit
2022-06-01 00:00:00+00:00,2,2022-05-31 22:00:00+00:00,validation,origin_precedes_monthly_fit
2022-06-01 00:00:00+00:00,4,2022-05-31 20:00:00+00:00,validation,origin_precedes_monthly_fit
2022-06-01 00:00:00+00:00,6,2022-05-31 18:00:00+00:00,validation,origin_precedes_monthly_fit
2022-07-01 00:00:00+00:00,1,2022-06-30 23:00:00+00:00,validation,origin_precedes_monthly_fit
2022-07-01 00:00:00+00:00,2,2022-06-30 22:00:00+00:00,validation,origin_precedes_monthly_fit
2022-07-01 00:00:00+00:00,4,2022-06-30 20:00:00+00:00,validation,origin_precedes_monthly_fit
2022-07-01 00:00:00+00:00,6,2022-06-30 18:00:00+00:00,validation,origin_precedes_monthly_fit
2022-08-01 00:00:00+00:00,1,2022-07-31 23:00:00+00:00,validation,origin_precedes_monthly_fit
2022-08-01 00:00:00+00:00,2,2022-07-31 22:00:00+00:00,validation,origin_precedes_monthly_fit
2022-08-01 00:00:00+00:00,4,2022-07-31 20:00:00+00:00,validation,origin_precedes_monthly_fit
2022-08-01 00:00:00+00:00,6,2022-07-31 18:00:00+00:00,validation,origin_precedes_monthly_fit
2022-09-01 00:00:00+00:00,1,2022-08-31 23:00:00+00:00,validation,origin_precedes_monthly_fit
2022-09-01 00:00:00+00:00,2,2022-08-31 22:00:00+00:00,validation,origin_precedes_monthly_fit
2022-09-01 00:00:00+00:00,4,2022-08-31 20:00:00+00:00,validation,origin_precedes_monthly_fit
2022-09-01 00:00:00+00:00,6,2022-08-31 18:00:00+00:00,validation,origin_precedes_monthly_fit
2022-10-01 00:00:00+00:00,1,2022-09-30 23:00:00+00:00,validation,origin_precedes_monthly_fit
2022-10-01 00:00:00+00:00,2,2022-09-30 22:00:00+00:00,validation,origin_precedes_monthly_fit
2022-10-01 00:00:00+00:00,4,2022-09-30 20:00:00+00:00,validation,origin_precedes_monthly_fit
2022-10-01 00:00:00+00:00,6,2022-09-30 18:00:00+00:00,validation,origin_precedes_monthly_fit
2022-11-01 00:00:00+00:00,1,2022-10-31 23:00:00+00:00,validation,origin_precedes_monthly_fit
2022-11-01 00:00:00+00:00,2,2022-10-31 22:00:00+00:00,validation,origin_precedes_monthly_fit
2022-11-01 00:00:00+00:00,4,2022-10-31 20:00:00+00:00,validation,origin_precedes_monthly_fit
2022-11-01 00:00:00+00:00,6,2022-10-31 18:00:00+00:00,validation,origin_precedes_monthly_fit
2022-12-01 00:00:00+00:00,1,2022-11-30 23:00:00+00:00,validation,origin_precedes_monthly_fit
2022-12-01 00:00:00+00:00,2,2022-11-30 22:00:00+00:00,validation,origin_precedes_monthly_fit
2022-12-01 00:00:00+00:00,4,2022-11-30 20:00:00+00:00,validation,origin_precedes_monthly_fit
2022-12-01 00:00:00+00:00,6,2022-11-30 18:00:00+00:00,validation,origin_precedes_monthly_fit
2023-01-01 00:00:00+00:00,1,2022-12-31 23:00:00+00:00,evaluation,origin_precedes_monthly_fit
2023-01-01 00:00:00+00:00,2,2022-12-31 22:00:00+00:00,evaluation,origin_precedes_monthly_fit
2023-01-01 00:00:00+00:00,4,2022-12-31 20:00:00+00:00,evaluation,origin_precedes_monthly_fit
2023-01-01 00:00:00+00:00,6,2022-12-31 18:00:00+00:00,evaluation,origin_precedes_monthly_fit
2023-02-01 00:00:00+00:00,1,2023-01-31 23:00:00+00:00,evaluation,origin_precedes_monthly_fit
2023-02-01 00:00:00+00:00,2,2023-01-31 22:00:00+00:00,evaluation,origin_precedes_monthly_fit
2023-02-01 00:00:00+00:00,4,2023-01-31 20:00:00+00:00,evaluation,origin_precedes_monthly_fit
2023-02-01 00:00:00+00:00,6,2023-01-31 18:00:00+00:00,evaluation,origin_precedes_monthly_fit
2023-03-01 00:00:00+00:00,1,2023-02-28 23:00:00+00:00,evaluation,origin_precedes_monthly_fit
2023-03-01 00:00:00+00:00,2,2023-02-28 22:00:00+00:00,evaluation,origin_precedes_monthly_fit
2023-03-01 00:00:00+00:00,4,2023-02-28 20:00:00+00:00,evaluation,origin_precedes_monthly_fit
2023-03-01 00:00:00+00:00,6,2023-02-28 18:00:00+00:00,evaluation,origin_precedes_monthly_fit
2023-04-01 00:00:00+00:00,1,2023-03-31 23:00:00+00:00,evaluation,origin_precedes_monthly_fit
2023-04-01 00:00:00+00:00,2,2023-03-31 22:00:00+00:00,evaluation,origin_precedes_monthly_fit
2023-04-01 00:00:00+00:00,4,2023-03-31 20:00:00+00:00,evaluation,origin_precedes_monthly_fit
2023-04-01 00:00:00+00:00,6,2023-03-31 18:00:00+00:00,evaluation,origin_precedes_monthly_fit
2023-05-01 00:00:00+00:00,1,2023-04-30 23:00:00+00:00,evaluation,origin_precedes_monthly_fit
2023-05-01 00:00:00+00:00,2,2023-04-30 22:00:00+00:00,evaluation,origin_precedes_monthly_fit
2023-05-01 00:00:00+00:00,4,2023-04-30 20:00:00+00:00,evaluation,origin_precedes_monthly_fit
2023-05-01 00:00:00+00:00,6,2023-04-30 18:00:00+00:00,evaluation,origin_precedes_monthly_fit
2023-06-01 00:00:00+00:00,1,2023-05-31 23:00:00+00:00,evaluation,origin_precedes_monthly_fit
2023-06-01 00:00:00+00:00,2,2023-05-31 22:00:00+00:00,evaluation,origin_precedes_monthly_fit
2023-06-01 00:00:00+00:00,4,2023-05-31 20:00:00+00:00,evaluation,origin_precedes_monthly_fit
2023-06-01 00:00:00+00:00,6,2023-05-31 18:00:00+00:00,evaluation,origin_precedes_monthly_fit
2023-07-01 00:00:00+00:00,1,2023-06-30 23:00:00+00:00,evaluation,origin_precedes_monthly_fit
2023-07-01 00:00:00+00:00,2,2023-06-30 22:00:00+00:00,evaluation,origin_precedes_monthly_fit
2023-07-01 00:00:00+00:00,4,2023-06-30 20:00:00+00:00,evaluation,origin_precedes_monthly_fit
2023-07-01 00:00:00+00:00,6,2023-06-30 18:00:00+00:00,evaluation,origin_precedes_monthly_fit
2023-08-01 00:00:00+00:00,1,2023-07-31 23:00:00+00:00,evaluation,origin_precedes_monthly_fit
2023-08-01 00:00:00+00:00,2,2023-07-31 22:00:00+00:00,evaluation,origin_precedes_monthly_fit
2023-08-01 00:00:00+00:00,4,2023-07-31 20:00:00+00:00,evaluation,origin_precedes_monthly_fit
2023-08-01 00:00:00+00:00,6,2023-07-31 18:00:00+00:00,evaluation,origin_precedes_monthly_fit
2023-09-01 00:00:00+00:00,1,2023-08-31 23:00:00+00:00,evaluation,origin_precedes_monthly_fit
2023-09-01 00:00:00+00:00,2,2023-08-31 22:00:00+00:00,evaluation,origin_precedes_monthly_fit
2023-09-01 00:00:00+00:00,4,2023-08-31 20:00:00+00:00,evaluation,origin_precedes_monthly_fit
2023-09-01 00:00:00+00:00,6,2023-08-31 18:00:00+00:00,evaluation,origin_precedes_monthly_fit
2023-10-01 00:00:00+00:00,1,2023-09-30 23:00:00+00:00,evaluation,origin_precedes_monthly_fit
2023-10-01 00:00:00+00:00,2,2023-09-30 22:00:00+00:00,evaluation,origin_precedes_monthly_fit
2023-10-01 00:00:00+00:00,4,2023-09-30 20:00:00+00:00,evaluation,origin_precedes_monthly_fit
2023-10-01 00:00:00+00:00,6,2023-09-30 18:00:00+00:00,evaluation,origin_precedes_monthly_fit
2023-11-01 00:00:00+00:00,1,2023-10-31 23:00:00+00:00,evaluation,origin_precedes_monthly_fit
2023-11-01 00:00:00+00:00,2,2023-10-31 22:00:00+00:00,evaluation,origin_precedes_monthly_fit
2023-11-01 00:00:00+00:00,4,2023-10-31 20:00:00+00:00,evaluation,origin_precedes_monthly_fit
2023-11-01 00:00:00+00:00,6,2023-10-31 18:00:00+00:00,evaluation,origin_precedes_monthly_fit
2023-12-01 00:00:00+00:00,1,2023-11-30 23:00:00+00:00,evaluation,origin_precedes_monthly_fit
2023-12-01 00:00:00+00:00,2,2023-11-30 22:00:00+00:00,evaluation,origin_precedes_monthly_fit
2023-12-01 00:00:00+00:00,4,2023-11-30 20:00:00+00:00,evaluation,origin_precedes_monthly_fit
2023-12-01 00:00:00+00:00,6,2023-11-30 18:00:00+00:00,evaluation,origin_precedes_monthly_fit
2024-01-01 00:00:00+00:00,1,2023-12-31 23:00:00+00:00,evaluation,origin_precedes_monthly_fit
2024-01-01 00:00:00+00:00,2,2023-12-31 22:00:00+00:00,evaluation,origin_precedes_monthly_fit
2024-01-01 00:00:00+00:00,4,2023-12-31 20:00:00+00:00,evaluation,origin_precedes_monthly_fit
2024-01-01 00:00:00+00:00,6,2023-12-31 18:00:00+00:00,evaluation,origin_precedes_monthly_fit
2024-02-01 00:00:00+00:00,1,2024-01-31 23:00:00+00:00,evaluation,origin_precedes_monthly_fit
2024-02-01 00:00:00+00:00,2,2024-01-31 22:00:00+00:00,evaluation,origin_precedes_monthly_fit
2024-02-01 00:00:00+00:00,4,2024-01-31 20:00:00+00:00,evaluation,origin_precedes_monthly_fit
2024-02-01 00:00:00+00:00,6,2024-01-31 18:00:00+00:00,evaluation,origin_precedes_monthly_fit
2024-03-01 00:00:00+00:00,1,2024-02-29 23:00:00+00:00,evaluation,origin_precedes_monthly_fit
2024-03-01 00:00:00+00:00,2,2024-02-29 22:00:00+00:00,evaluation,origin_precedes_monthly_fit
2024-03-01 00:00:00+00:00,4,2024-02-29 20:00:00+00:00,evaluation,origin_precedes_monthly_fit
2024-03-01 00:00:00+00:00,6,2024-02-29 18:00:00+00:00,evaluation,origin_precedes_monthly_fit
2024-04-01 00:00:00+00:00,1,2024-03-31 23:00:00+00:00,evaluation,origin_precedes_monthly_fit
2024-04-01 00:00:00+00:00,2,2024-03-31 22:00:00+00:00,evaluation,origin_precedes_monthly_fit
2024-04-01 00:00:00+00:00,4,2024-03-31 20:00:00+00:00,evaluation,origin_precedes_monthly_fit
2024-04-01 00:00:00+00:00,6,2024-03-31 18:00:00+00:00,evaluation,origin_precedes_monthly_fit
2024-05-01 00:00:00+00:00,1,2024-04-30 23:00:00+00:00,evaluation,origin_precedes_monthly_fit
2024-05-01 00:00:00+00:00,2,2024-04-30 22:00:00+00:00,evaluation,origin_precedes_monthly_fit
2024-05-01 00:00:00+00:00,4,2024-04-30 20:00:00+00:00,evaluation,origin_precedes_monthly_fit
2024-05-01 00:00:00+00:00,6,2024-04-30 18:00:00+00:00,evaluation,origin_precedes_monthly_fit
2024-06-01 00:00:00+00:00,1,2024-05-31 23:00:00+00:00,evaluation,origin_precedes_monthly_fit
2024-06-01 00:00:00+00:00,2,2024-05-31 22:00:00+00:00,evaluation,origin_precedes_monthly_fit
2024-06-01 00:00:00+00:00,4,2024-05-31 20:00:00+00:00,evaluation,origin_precedes_monthly_fit
2024-06-01 00:00:00+00:00,6,2024-05-31 18:00:00+00:00,evaluation,origin_precedes_monthly_fit
2024-07-01 00:00:00+00:00,1,2024-06-30 23:00:00+00:00,evaluation,origin_precedes_monthly_fit
2024-07-01 00:00:00+00:00,2,2024-06-30 22:00:00+00:00,evaluation,origin_precedes_monthly_fit
2024-07-01 00:00:00+00:00,4,2024-06-30 20:00:00+00:00,evaluation,origin_precedes_monthly_fit
2024-07-01 00:00:00+00:00,6,2024-06-30 18:00:00+00:00,evaluation,origin_precedes_monthly_fit
2024-08-01 00:00:00+00:00,1,2024-07-31 23:00:00+00:00,evaluation,origin_precedes_monthly_fit
2024-08-01 00:00:00+00:00,2,2024-07-31 22:00:00+00:00,evaluation,origin_precedes_monthly_fit
2024-08-01 00:00:00+00:00,4,2024-07-31 20:00:00+00:00,evaluation,origin_precedes_monthly_fit
2024-08-01 00:00:00+00:00,6,2024-07-31 18:00:00+00:00,evaluation,origin_precedes_monthly_fit
2024-09-01 00:00:00+00:00,1,2024-08-31 23:00:00+00:00,evaluation,origin_precedes_monthly_fit
2024-09-01 00:00:00+00:00,2,2024-08-31 22:00:00+00:00,evaluation,origin_precedes_monthly_fit
2024-09-01 00:00:00+00:00,4,2024-08-31 20:00:00+00:00,evaluation,origin_precedes_monthly_fit
2024-09-01 00:00:00+00:00,6,2024-08-31 18:00:00+00:00,evaluation,origin_precedes_monthly_fit
2024-10-01 00:00:00+00:00,1,2024-09-30 23:00:00+00:00,evaluation,origin_precedes_monthly_fit
2024-10-01 00:00:00+00:00,2,2024-09-30 22:00:00+00:00,evaluation,origin_precedes_monthly_fit
2024-10-01 00:00:00+00:00,4,2024-09-30 20:00:00+00:00,evaluation,origin_precedes_monthly_fit
2024-10-01 00:00:00+00:00,6,2024-09-30 18:00:00+00:00,evaluation,origin_precedes_monthly_fit
