event_id,horizon,reason
2020-01-01 08:00:00+00:00,1,settled_history_warmup
2020-01-01 08:00:00+00:00,2,settled_history_warmup
2020-01-01 08:00:00+00:00,4,settled_history_warmup
2020-01-01 08:00:00+00:00,6,settled_history_warmup
2020-01-01 16:00:00+00:00,1,settled_history_warmup
2020-01-01 16:00:00+00:00,2,settled_history_warmup
2020-01-01 16:00:00+00:00,4,settled_history_warmup
2020-01-01 16:00:00+00:00,6,settled_history_warmup
2020-01-02 00:00:00+00:00,1,settled_history_warmup
2020-01-02 00:00:00+00:00,2,settled_history_warmup
2020-01-02 00:00:00+00:00,4,settled_history_warmup
2020-01-02 00:00:00+00:00,6,settled_history_warmup
2020-01-02 08:00:00+00:00,1,settled_history_warmup
2020-01-02 08:00:00+00:00,2,settled_history_warmup
2020-01-02 08:00:00+00:00,4,settled_history_warmup
2020-01-02 08:00:00+00:00,6,settled_history_warmup
2020-01-02 16:00:00+00:00,1,settled_history_warmup
2020-01-02 16:00:00+00:00,2,settled_history_warmup
2020-01-02 16:00:00+00:00,4,settled_history_warmup
2020-01-02 16:00:00+00:00,6,settled_history_warmup
2020-01-03 00:00:00+00:00,1,settled_history_warmup
2020-01-03 00:00:00+00:00,2,settled_history_warmup
2020-01-03 00:00:00+00:00,4,settled_history_warmup
2020-01-03 00:00:00+00:00,6,settled_history_warmup
2020-01-03 08:00:00+00:00,1,settled_history_warmup
2020-01-03 08:00:00+00:00,2,settled_history_warmup
2020-01-03 08:00:00+00:00,4,settled_history_warmup
2020-01-03 08:00:00+00:00,6,settled_history_warmup
2020-01-03 16:00:00+00:00,1,settled_history_warmup
2020-01-03 16:00:00+00:00,2,settled_history_warmup
2020-01-03 16:00:00+00:00,4,settled_history_warmup
2020-01-03 16:00:00+00:00,6,settled_history_warmup
