variant,horizon,model,block_days,n,mae_bp,rmse_bp,bias_bp,gain_bp,mse_skill,gain_low_bp,gain_high_bp,p_value,sufficient_blocks,p_holm_secondary
delay_60m,1,ewma,3,1889,0.28672760261511576,0.511293440468037,-0.0002848944513335078,-0.1258685766754652,-1.639516443382722,-0.14687356283863437,-0.10614180973874493,0.0001999600079984003,True,
delay_60m,1,ewma,7,1889,0.28672760261511576,0.511293440468037,-0.0002848944513335078,-0.1258685766754652,-1.639516443382722,-0.15105199081921641,-0.10289040704203332,0.0001999600079984003,True,
delay_60m,1,ewma,14,1889,0.28672760261511576,0.511293440468037,-0.0002848944513335078,-0.1258685766754652,-1.639516443382722,-0.15633106668747832,-0.09759897883449288,0.0001999600079984003,True,
delay_60m,1,history_ridge,3,1889,0.29367682664930533,0.5034057425423515,0.05494536676188516,-0.13281780070965477,-1.5587052518103222,-0.15253511744977713,-0.11459195343784313,0.0001999600079984003,True,
delay_60m,1,history_ridge,7,1889,0.29367682664930533,0.5034057425423515,0.05494536676188516,-0.13281780070965477,-1.5587052518103222,-0.15536306988375595,-0.11236068908134611,0.0001999600079984003,True,
delay_60m,1,history_ridge,14,1889,0.29367682664930533,0.5034057425423515,0.05494536676188516,-0.13281780070965477,-1.5587052518103222,-0.15989470973033032,-0.10813824556993064,0.0001999600079984003,True,
delay_60m,1,indication,3,1889,0.16085902593965062,0.3147081827185053,0.03809661196400211,0.0,0.0,0.0,0.0,1.0,True,
delay_60m,1,indication,7,1889,0.16085902593965062,0.3147081827185053,0.03809661196400211,0.0,0.0,0.0,0.0,1.0,True,
delay_60m,1,indication,14,1889,0.16085902593965062,0.3147081827185053,0.03809661196400211,0.0,0.0,0.0,0.0,1.0,True,
delay_60m,1,last_settled,3,1889,0.307062361037586,0.5745793636522217,0.00018581259925886523,-0.14620333509793543,-2.3333734940620108,-0.17110376435524494,-0.12363830256131791,0.0001999600079984003,True,
delay_60m,1,last_settled,7,1889,0.307062361037586,0.5745793636522217,0.00018581259925886523,-0.14620333509793543,-2.3333734940620108,-0.17658896406560518,-0.11920264822484233,0.0001999600079984003,True,
delay_60m,1,last_settled,14,1889,0.307062361037586,0.5745793636522217,0.00018581259925886523,-0.14620333509793543,-2.3333734940620108,-0.18325625187804706,-0.11326630878324093,0.0001999600079984003,True,
delay_60m,1,one_bp_reference,3,1889,0.555739227104288,0.9898663899017217,0.14396876654314458,-0.3948802011646374,-8.893206781195982,-0.47147137654503385,-0.3247717044128098,0.0001999600079984003,True,
delay_60m,1,one_bp_reference,7,1889,0.555739227104288,0.9898663899017217,0.14396876654314458,-0.3948802011646374,-8.893206781195982,-0.5077818795562317,-0.3018110616269864,0.0001999600079984003,True,
delay_60m,1,one_bp_reference,14,1889,0.555739227104288,0.9898663899017217,0.14396876654314458,-0.3948802011646374,-8.893206781195982,-0.5401495920666447,-0.28099950008105956,0.0001999600079984003,True,
delay_60m,1,rf,3,1889,0.13638288762630818,0.25501887265310785,0.012597267543251465,0.024476138313342426,0.34335812806888144,0.01547557916568855,0.03467158066880234,0.0001999600079984003,True,
delay_60m,1,rf,7,1889,0.13638288762630818,0.25501887265310785,0.012597267543251465,0.024476138313342426,0.34335812806888144,0.014552504160619626,0.03688154822354795,0.0001999600079984003,True,0.013797240551889621
delay_60m,1,rf,14,1889,0.13638288762630818,0.25501887265310785,0.012597267543251465,0.024476138313342426,0.34335812806888144,0.013351798258371584,0.03903095241418959,0.0015996800639872025,True,
delay_60m,1,ridge,3,1889,0.16182374336239314,0.26325545942840795,0.00016376137140652983,-0.0009647174227425062,0.3002567745522716,-0.011249893813238883,0.010326585717426872,0.8534293141371726,True,
delay_60m,1,ridge,7,1889,0.16182374336239314,0.26325545942840795,0.00016376137140652983,-0.0009647174227425062,0.3002567745522716,-0.012884880691198987,0.013158553903939664,0.8818236352729454,True,1.0
delay_60m,1,ridge,14,1889,0.16182374336239314,0.26325545942840795,0.00016376137140652983,-0.0009647174227425062,0.3002567745522716,-0.01536543325591447,0.016355905645704855,0.9010197960407919,True,
delay_60m,1,training_median,3,1889,0.555739227104288,0.9898663899017217,0.14396876654314458,-0.3948802011646374,-8.893206781195982,-0.47147137654503385,-0.3247717044128098,0.0001999600079984003,True,
delay_60m,1,training_median,7,1889,0.555739227104288,0.9898663899017217,0.14396876654314458,-0.3948802011646374,-8.893206781195982,-0.5077818795562317,-0.3018110616269864,0.0001999600079984003,True,
delay_60m,1,training_median,14,1889,0.555739227104288,0.9898663899017217,0.14396876654314458,-0.3948802011646374,-8.893206781195982,-0.5401495920666447,-0.28099950008105956,0.0001999600079984003,True,
delay_60m,2,ewma,3,1889,0.28672760261511576,0.511293440468037,-0.0002848944513335078,-0.07547699382739745,-0.6212128922560702,-0.09325330128924203,-0.059164993315903934,0.0001999600079984003,True,
delay_60m,2,ewma,7,1889,0.28672760261511576,0.511293440468037,-0.0002848944513335078,-0.07547699382739745,-0.6212128922560702,-0.09342379159937778,-0.05789330559252387,0.0001999600079984003,True,
delay_60m,2,ewma,14,1889,0.28672760261511576,0.511293440468037,-0.0002848944513335078,-0.07547699382739745,-0.6212128922560702,-0.09536060642455657,-0.05572381907274085,0.0001999600079984003,True,
delay_60m,2,history_ridge,3,1889,0.29367682664930533,0.5034057425423515,0.05494536676188516,-0.08242621786158699,-0.5715779881264909,-0.09895895682949671,-0.06684496119201933,0.0001999600079984003,True,
delay_60m,2,history_ridge,7,1889,0.29367682664930533,0.5034057425423515,0.05494536676188516,-0.08242621786158699,-0.5715779881264909,-0.09912276425773013,-0.06674095173810102,0.0001999600079984003,True,
delay_60m,2,history_ridge,14,1889,0.29367682664930533,0.5034057425423515,0.05494536676188516,-0.08242621786158699,-0.5715779881264909,-0.10061338825770663,-0.0647215234618436,0.0001999600079984003,True,
delay_60m,2,indication,3,1889,0.21125060878771837,0.40155976992159115,0.04131540497617787,0.0,0.0,0.0,0.0,1.0,True,
delay_60m,2,indication,7,1889,0.21125060878771837,0.40155976992159115,0.04131540497617787,0.0,0.0,0.0,0.0,1.0,True,
delay_60m,2,indication,14,1889,0.21125060878771837,0.40155976992159115,0.04131540497617787,0.0,0.0,0.0,0.0,1.0,True,
delay_60m,2,last_settled,3,1889,0.307062361037586,0.5745793636522217,0.00018581259925886523,-0.09581175224986767,-1.047385647786402,-0.11568370049119923,-0.07719566455203339,0.0001999600079984003,True,
delay_60m,2,last_settled,7,1889,0.307062361037586,0.5745793636522217,0.00018581259925886523,-0.09581175224986767,-1.047385647786402,-0.11769809580052507,-0.07554921116332902,0.0001999600079984003,True,
delay_60m,2,last_settled,14,1889,0.307062361037586,0.5745793636522217,0.00018581259925886523,-0.09581175224986767,-1.047385647786402,-0.12087032503550237,-0.072203325494981,0.0001999600079984003,True,
delay_60m,2,one_bp_reference,3,1889,0.555739227104288,0.9898663899017217,0.14396876654314458,-0.34448861831656963,-5.076489661445347,-0.4146970067974021,-0.2797939087150052,0.0001999600079984003,True,
delay_60m,2,one_bp_reference,7,1889,0.555739227104288,0.9898663899017217,0.14396876654314458,-0.34448861831656963,-5.076489661445347,-0.447870810852223,-0.25778948716530564,0.0001999600079984003,True,
delay_60m,2,one_bp_reference,14,1889,0.555739227104288,0.9898663899017217,0.14396876654314458,-0.34448861831656963,-5.076489661445347,-0.4764304612416156,-0.23978050351231875,0.0001999600079984003,True,
delay_60m,2,rf,3,1889,0.19713978039109742,0.34408761642600016,0.0067883316466293584,0.014110828396620924,0.26576058862228347,0.005076161547022506,0.02457365395561547,0.004999000199960008,True,
delay_60m,2,rf,7,1889,0.19713978039109742,0.34408761642600016,0.0067883316466293584,0.014110828396620924,0.26576058862228347,0.0031155328335604545,0.028529400106364004,0.029994001199760048,True,1.0
delay_60m,2,rf,14,1889,0.19713978039109742,0.34408761642600016,0.0067883316466293584,0.014110828396620924,0.26576058862228347,0.0014474512052204055,0.03226151639695521,0.06958608278344332,True,
delay_60m,2,ridge,3,1889,0.21088684517100115,0.3318782204931279,-0.0009811412154316968,0.00036376361671723156,0.3169427393504993,-0.01291908834102849,0.01467098961391639,0.9580083983203359,True,
delay_60m,2,ridge,7,1889,0.21088684517100115,0.3318782204931279,-0.0009811412154316968,0.00036376361671723156,0.3169427393504993,-0.01594813504909406,0.01891999542706915,0.9698060387922416,True,1.0
delay_60m,2,ridge,14,1889,0.21088684517100115,0.3318782204931279,-0.0009811412154316968,0.00036376361671723156,0.3169427393504993,-0.0186214158165666,0.023097692136451294,0.9742051589682064,True,
delay_60m,2,training_median,3,1889,0.555739227104288,0.9898663899017217,0.14396876654314458,-0.34448861831656963,-5.076489661445347,-0.4146970067974021,-0.2797939087150052,0.0001999600079984003,True,
delay_60m,2,training_median,7,1889,0.555739227104288,0.9898663899017217,0.14396876654314458,-0.34448861831656963,-5.076489661445347,-0.447870810852223,-0.25778948716530564,0.0001999600079984003,True,
delay_60m,2,training_median,14,1889,0.555739227104288,0.9898663899017217,0.14396876654314458,-0.34448861831656963,-5.076489661445347,-0.4764304612416156,-0.23978050351231875,0.0001999600079984003,True,
delay_60m,4,ewma,3,1889,0.28672760261511576,0.511293440468037,-0.0002848944513335078,-0.013428237871865424,0.035336904454766005,-0.02894797402079633,0.0021520822356772625,0.09038192361527694,True,
delay_60m,4,ewma,7,1889,0.28672760261511576,0.511293440468037,-0.0002848944513335078,-0.013428237871865424,0.035336904454766005,-0.028467225412803755,0.0019076747646555902,0.08578284343131373,True,
delay_60m,4,ewma,14,1889,0.28672760261511576,0.511293440468037,-0.0002848944513335078,-0.013428237871865424,0.035336904454766005,-0.02825170520690817,0.0017111712828063155,0.08018396320735853,True,
delay_60m,4,history_ridge,3,1889,0.29367682664930533,0.5034057425423515,0.05494536676188516,-0.020377461906054974,0.06487094066521104,-0.036418147074144286,-0.0038661067283487574,0.014797040591881624,True,
delay_60m,4,history_ridge,7,1889,0.29367682664930533,0.5034057425423515,0.05494536676188516,-0.020377461906054974,0.06487094066521104,-0.03627102044904053,-0.0032414733767675437,0.015196960607878424,True,
delay_60m,4,history_ridge,14,1889,0.29367682664930533,0.5034057425423515,0.05494536676188516,-0.020377461906054974,0.06487094066521104,-0.03651320026190928,-0.002553147328708142,0.01839632073585283,True,
delay_60m,4,indication,3,1889,0.2732993647432504,0.5205738985573372,0.028691318157755427,0.0,0.0,0.0,0.0,1.0,True,
delay_60m,4,indication,7,1889,0.2732993647432504,0.5205738985573372,0.028691318157755427,0.0,0.0,0.0,0.0,1.0,True,
delay_60m,4,indication,14,1889,0.2732993647432504,0.5205738985573372,0.028691318157755427,0.0,0.0,0.0,0.0,1.0,True,
delay_60m,4,last_settled,3,1889,0.307062361037586,0.5745793636522217,0.00018581259925886523,-0.03376299629433563,-0.21824677449984042,-0.049434713694021935,-0.019102681838498642,0.0001999600079984003,True,
delay_60m,4,last_settled,7,1889,0.307062361037586,0.5745793636522217,0.00018581259925886523,-0.03376299629433563,-0.21824677449984042,-0.04829125979378414,-0.02013907790070621,0.0001999600079984003,True,
delay_60m,4,last_settled,14,1889,0.307062361037586,0.5745793636522217,0.00018581259925886523,-0.03376299629433563,-0.21824677449984042,-0.049428361731812455,-0.020121580869989282,0.0001999600079984003,True,
delay_60m,4,one_bp_reference,3,1889,0.555739227104288,0.9898663899017217,0.14396876654314458,-0.2824398623610376,-2.6156666128538375,-0.34797732677165394,-0.22318780056278992,0.0001999600079984003,True,
delay_60m,4,one_bp_reference,7,1889,0.555739227104288,0.9898663899017217,0.14396876654314458,-0.2824398623610376,-2.6156666128538375,-0.3777841112853537,-0.2033783903324685,0.0001999600079984003,True,
delay_60m,4,one_bp_reference,14,1889,0.555739227104288,0.9898663899017217,0.14396876654314458,-0.2824398623610376,-2.6156666128538375,-0.4041987126463526,-0.18847692239177402,0.0001999600079984003,True,
delay_60m,4,rf,3,1889,0.2641180106935616,0.43281210267570547,0.01621308480842242,0.009181354049688785,0.3087517975098085,-0.004630226141849206,0.024160233391153904,0.21135772845430914,True,
delay_60m,4,rf,7,1889,0.2641180106935616,0.43281210267570547,0.01621308480842242,0.009181354049688785,0.3087517975098085,-0.007071965189737914,0.028285483576993578,0.3059388122375525,True,1.0
delay_60m,4,rf,14,1889,0.2641180106935616,0.43281210267570547,0.01621308480842242,0.009181354049688785,0.3087517975098085,-0.010560536366950417,0.03220310510704173,0.39392121575684863,True,
delay_60m,4,ridge,3,1889,0.27884157519155905,0.4371391998434904,0.015782059311040778,-0.005542210448308679,0.2948610117694015,-0.020755930755708512,0.010696777032206273,0.4957008598280344,True,
delay_60m,4,ridge,7,1889,0.27884157519155905,0.4371391998434904,0.015782059311040778,-0.005542210448308679,0.2948610117694015,-0.023557610503082207,0.015421177909247121,0.5788842231553689,True,1.0
delay_60m,4,ridge,14,1889,0.27884157519155905,0.4371391998434904,0.015782059311040778,-0.005542210448308679,0.2948610117694015,-0.027402550855124923,0.020666736394465302,0.6420715856828634,True,
delay_60m,4,training_median,3,1889,0.555739227104288,0.9898663899017217,0.14396876654314458,-0.2824398623610376,-2.6156666128538375,-0.34797732677165394,-0.22318780056278992,0.0001999600079984003,True,
delay_60m,4,training_median,7,1889,0.555739227104288,0.9898663899017217,0.14396876654314458,-0.2824398623610376,-2.6156666128538375,-0.3777841112853537,-0.2033783903324685,0.0001999600079984003,True,
delay_60m,4,training_median,14,1889,0.555739227104288,0.9898663899017217,0.14396876654314458,-0.2824398623610376,-2.6156666128538375,-0.4041987126463526,-0.18847692239177402,0.0001999600079984003,True,
delay_60m,6,ewma,3,1889,0.28672760261511576,0.511293440468037,-0.0002848944513335078,0.011732005643221929,0.17854891939783746,0.00015200706604753244,0.023895600339189717,0.05318936212757448,True,
delay_60m,6,ewma,7,1889,0.28672760261511576,0.511293440468037,-0.0002848944513335078,0.011732005643221929,0.17854891939783746,0.000828704183736372,0.024985079383167057,0.0617876424715057,True,
delay_60m,6,ewma,14,1889,0.28672760261511576,0.511293440468037,-0.0002848944513335078,0.011732005643221929,0.17854891939783746,0.0007377721558166377,0.025377283428550966,0.0621875624875025,True,
delay_60m,6,history_ridge,3,1889,0.2948799299819621,0.5046124153355599,0.05895402570746601,0.003579678276375671,0.19987631536746464,-0.00958911276003964,0.01781629768374134,0.6166766646670666,True,
delay_60m,6,history_ridge,7,1889,0.2948799299819621,0.5046124153355599,0.05895402570746601,0.003579678276375671,0.19987631536746464,-0.010026801261491003,0.02039763320215671,0.6390721855628875,True,
delay_60m,6,history_ridge,14,1889,0.2948799299819621,0.5046124153355599,0.05895402570746601,0.003579678276375671,0.19987631536746464,-0.011077186311278431,0.02269792464542649,0.6810637872425515,True,
delay_60m,6,indication,3,1889,0.29845960825833767,0.5641302242760692,0.005181789306511381,0.0,0.0,0.0,0.0,1.0,True,
delay_60m,6,indication,7,1889,0.29845960825833767,0.5641302242760692,0.005181789306511381,0.0,0.0,0.0,0.0,1.0,True,
delay_60m,6,indication,14,1889,0.29845960825833767,0.5641302242760692,0.005181789306511381,0.0,0.0,0.0,0.0,1.0,True,
delay_60m,6,last_settled,3,1889,0.307062361037586,0.5745793636522217,0.00018581259925886523,-0.008602752779248282,-0.03738821768378475,-0.015282600296357618,-0.0016496260000000054,0.015996800639872025,True,
delay_60m,6,last_settled,7,1889,0.307062361037586,0.5745793636522217,0.00018581259925886523,-0.008602752779248282,-0.03738821768378475,-0.014828733515389872,-0.0019530490632178833,0.009998000399920015,True,
delay_60m,6,last_settled,14,1889,0.307062361037586,0.5745793636522217,0.00018581259925886523,-0.008602752779248282,-0.03738821768378475,-0.014987069100053494,-0.0021622301064732953,0.010397920415916816,True,
delay_60m,6,one_bp_reference,3,1889,0.555739227104288,0.9898663899017217,0.14396876654314458,-0.25727961884595024,-2.0788917498157526,-0.32004125423221114,-0.19998741185034036,0.0001999600079984003,True,
delay_60m,6,one_bp_reference,7,1889,0.555739227104288,0.9898663899017217,0.14396876654314458,-0.25727961884595024,-2.0788917498157526,-0.34748137458662776,-0.1821467485679476,0.0001999600079984003,True,
delay_60m,6,one_bp_reference,14,1889,0.555739227104288,0.9898663899017217,0.14396876654314458,-0.25727961884595024,-2.0788917498157526,-0.372564920584867,-0.16902300008096147,0.0001999600079984003,True,
delay_60m,6,rf,3,1889,0.28763509162394524,0.52341471321684,0.036588426833965446,0.010824516634392503,0.13913883560832085,0.0037823889493357613,0.018415799366624405,0.005398920215956809,True,
delay_60m,6,rf,7,1889,0.28763509162394524,0.52341471321684,0.036588426833965446,0.010824516634392503,0.13913883560832085,0.0030008852403269814,0.020156006213639617,0.013997200559888023,True,0.587882423515297
delay_60m,6,rf,14,1889,0.28763509162394524,0.52341471321684,0.036588426833965446,0.010824516634392503,0.13913883560832085,0.0018694245074782892,0.021765443592586562,0.03279344131173765,True,
delay_60m,6,ridge,3,1889,0.325130260328579,0.5036258511306552,0.05131793631830217,-0.026670652070241236,0.20300188942626374,-0.044631693509145504,-0.008285895767824658,0.003199360127974405,True,
delay_60m,6,ridge,7,1889,0.325130260328579,0.5036258511306552,0.05131793631830217,-0.026670652070241236,0.20300188942626374,-0.04832315964789905,-0.0039973082835825,0.019596080783843232,True,0.7838432313537292
delay_60m,6,ridge,14,1889,0.325130260328579,0.5036258511306552,0.05131793631830217,-0.026670652070241236,0.20300188942626374,-0.05433455425239247,0.0004404854944976975,0.05678864227154569,True,
delay_60m,6,training_median,3,1889,0.555739227104288,0.9898663899017217,0.14396876654314458,-0.25727961884595024,-2.0788917498157526,-0.32004125423221114,-0.19998741185034036,0.0001999600079984003,True,
delay_60m,6,training_median,7,1889,0.555739227104288,0.9898663899017217,0.14396876654314458,-0.25727961884595024,-2.0788917498157526,-0.34748137458662776,-0.1821467485679476,0.0001999600079984003,True,
delay_60m,6,training_median,14,1889,0.555739227104288,0.9898663899017217,0.14396876654314458,-0.25727961884595024,-2.0788917498157526,-0.372564920584867,-0.16902300008096147,0.0001999600079984003,True,
history,1,ewma,3,1889,0.28672760261511576,0.511293440468037,-0.0002848944513335078,-0.19398276407620635,-5.270190087776913,-0.22067407450803156,-0.16866327819809673,0.0001999600079984003,True,
history,1,ewma,7,1889,0.28672760261511576,0.511293440468037,-0.0002848944513335078,-0.19398276407620635,-5.270190087776913,-0.23015901300270689,-0.16272648589571823,0.0001999600079984003,True,
history,1,ewma,14,1889,0.28672760261511576,0.511293440468037,-0.0002848944513335078,-0.19398276407620635,-5.270190087776913,-0.2392469696040315,-0.15529295174566593,0.0001999600079984003,True,
history,1,history_ridge,3,1889,0.29367682664930533,0.5034057425423515,0.05494536676188516,-0.2009319881103959,-5.078222527336437,-0.22560972651289724,-0.17802032213349503,0.0001999600079984003,True,
history,1,history_ridge,7,1889,0.29367682664930533,0.5034057425423515,0.05494536676188516,-0.2009319881103959,-5.078222527336437,-0.2331913894021928,-0.17273822068611716,0.0001999600079984003,True,
history,1,history_ridge,14,1889,0.29367682664930533,0.5034057425423515,0.05494536676188516,-0.2009319881103959,-5.078222527336437,-0.2410887305149764,-0.16589515222280146,0.0001999600079984003,True,
history,1,indication,3,1889,0.09274483853890948,0.204187836482725,0.022234939121228165,0.0,0.0,0.0,0.0,1.0,True,
history,1,indication,7,1889,0.09274483853890948,0.204187836482725,0.022234939121228165,0.0,0.0,0.0,0.0,1.0,True,
history,1,indication,14,1889,0.09274483853890948,0.204187836482725,0.022234939121228165,0.0,0.0,0.0,0.0,1.0,True,
history,1,last_settled,3,1889,0.307062361037586,0.5745793636522217,0.00018581259925886523,-0.21431752249867655,-6.9184524475020845,-0.24531703434807103,-0.18587293573485864,0.0001999600079984003,True,
history,1,last_settled,7,1889,0.307062361037586,0.5745793636522217,0.00018581259925886523,-0.21431752249867655,-6.9184524475020845,-0.25555909212183886,-0.17914706669978184,0.0001999600079984003,True,
history,1,last_settled,14,1889,0.307062361037586,0.5745793636522217,0.00018581259925886523,-0.21431752249867655,-6.9184524475020845,-0.2662823369025469,-0.17073292301677273,0.0001999600079984003,True,
history,1,one_bp_reference,3,1889,0.555739227104288,0.9898663899017217,0.14396876654314458,-0.46299438856537856,-22.501383085260773,-0.5470333499164659,-0.3858057663921723,0.0001999600079984003,True,
history,1,one_bp_reference,7,1889,0.555739227104288,0.9898663899017217,0.14396876654314458,-0.46299438856537856,-22.501383085260773,-0.586817703465926,-0.36070028356159634,0.0001999600079984003,True,
history,1,one_bp_reference,14,1889,0.555739227104288,0.9898663899017217,0.14396876654314458,-0.46299438856537856,-22.501383085260773,-0.6220930279479515,-0.33747366024052416,0.0001999600079984003,True,
history,1,rf,3,1889,0.07456711336031727,0.1630183669097568,0.0002840702670600096,0.018177725178592206,0.3625981182448311,0.012173674795236629,0.025463834824514926,0.0001999600079984003,True,
history,1,rf,7,1889,0.07456711336031727,0.1630183669097568,0.0002840702670600096,0.018177725178592206,0.3625981182448311,0.011066064330473878,0.027260880611811124,0.0003999200159968006,True,0.020795840831833633
history,1,rf,14,1889,0.07456711336031727,0.1630183669097568,0.0002840702670600096,0.018177725178592206,0.3625981182448311,0.009624075673209723,0.030129537392213454,0.0027994401119776045,True,
history,1,ridge,3,1889,0.07754286636610244,0.16433293365029022,-0.0018532090613394457,0.015201972172807037,0.35227675706343997,0.009083727797313415,0.02230330891994033,0.0003999200159968006,True,
history,1,ridge,7,1889,0.07754286636610244,0.16433293365029022,-0.0018532090613394457,0.015201972172807037,0.35227675706343997,0.0076926057106171015,0.02439796061166712,0.0015996800639872025,True,0.07678464307138572
history,1,ridge,14,1889,0.07754286636610244,0.16433293365029022,-0.0018532090613394457,0.015201972172807037,0.35227675706343997,0.006090134334129722,0.027129163495853623,0.007798440311937612,True,
history,1,training_median,3,1889,0.555739227104288,0.9898663899017217,0.14396876654314458,-0.46299438856537856,-22.501383085260773,-0.5470333499164659,-0.3858057663921723,0.0001999600079984003,True,
history,1,training_median,7,1889,0.555739227104288,0.9898663899017217,0.14396876654314458,-0.46299438856537856,-22.501383085260773,-0.586817703465926,-0.36070028356159634,0.0001999600079984003,True,
history,1,training_median,14,1889,0.555739227104288,0.9898663899017217,0.14396876654314458,-0.46299438856537856,-22.501383085260773,-0.6220930279479515,-0.33747366024052416,0.0001999600079984003,True,
history,2,ewma,3,1889,0.28672760261511576,0.511293440468037,-0.0002848944513335078,-0.1258685766754652,-1.639516443382722,-0.14687356283863437,-0.10614180973874493,0.0001999600079984003,True,
history,2,ewma,7,1889,0.28672760261511576,0.511293440468037,-0.0002848944513335078,-0.1258685766754652,-1.639516443382722,-0.15105199081921641,-0.10289040704203332,0.0001999600079984003,True,
history,2,ewma,14,1889,0.28672760261511576,0.511293440468037,-0.0002848944513335078,-0.1258685766754652,-1.639516443382722,-0.15633106668747832,-0.09759897883449288,0.0001999600079984003,True,
history,2,history_ridge,3,1889,0.29367682664930533,0.5034057425423515,0.05494536676188516,-0.13281780070965477,-1.5587052518103222,-0.15253511744977713,-0.11459195343784313,0.0001999600079984003,True,
history,2,history_ridge,7,1889,0.29367682664930533,0.5034057425423515,0.05494536676188516,-0.13281780070965477,-1.5587052518103222,-0.15536306988375595,-0.11236068908134611,0.0001999600079984003,True,
history,2,history_ridge,14,1889,0.29367682664930533,0.5034057425423515,0.05494536676188516,-0.13281780070965477,-1.5587052518103222,-0.15989470973033032,-0.10813824556993064,0.0001999600079984003,True,
history,2,indication,3,1889,0.16085902593965062,0.3147081827185053,0.03809661196400211,0.0,0.0,0.0,0.0,1.0,True,
history,2,indication,7,1889,0.16085902593965062,0.3147081827185053,0.03809661196400211,0.0,0.0,0.0,0.0,1.0,True,
history,2,indication,14,1889,0.16085902593965062,0.3147081827185053,0.03809661196400211,0.0,0.0,0.0,0.0,1.0,True,
history,2,last_settled,3,1889,0.307062361037586,0.5745793636522217,0.00018581259925886523,-0.14620333509793543,-2.3333734940620108,-0.17110376435524494,-0.12363830256131791,0.0001999600079984003,True,
history,2,last_settled,7,1889,0.307062361037586,0.5745793636522217,0.00018581259925886523,-0.14620333509793543,-2.3333734940620108,-0.17658896406560518,-0.11920264822484233,0.0001999600079984003,True,
history,2,last_settled,14,1889,0.307062361037586,0.5745793636522217,0.00018581259925886523,-0.14620333509793543,-2.3333734940620108,-0.18325625187804706,-0.11326630878324093,0.0001999600079984003,True,
history,2,one_bp_reference,3,1889,0.555739227104288,0.9898663899017217,0.14396876654314458,-0.3948802011646374,-8.893206781195982,-0.47147137654503385,-0.3247717044128098,0.0001999600079984003,True,
history,2,one_bp_reference,7,1889,0.555739227104288,0.9898663899017217,0.14396876654314458,-0.3948802011646374,-8.893206781195982,-0.5077818795562317,-0.3018110616269864,0.0001999600079984003,True,
history,2,one_bp_reference,14,1889,0.555739227104288,0.9898663899017217,0.14396876654314458,-0.3948802011646374,-8.893206781195982,-0.5401495920666447,-0.28099950008105956,0.0001999600079984003,True,
history,2,rf,3,1889,0.14369589099590988,0.2646836073506554,0.011569852697581314,0.017163134943740752,0.2926440358664628,0.009058725124156331,0.026392146101204633,0.0003999200159968006,True,
history,2,rf,7,1889,0.14369589099590988,0.2646836073506554,0.011569852697581314,0.017163134943740752,0.2926440358664628,0.0074681922166885545,0.02858056826409098,0.0033993201359728054,True,0.15296940611877624
history,2,rf,14,1889,0.14369589099590988,0.2646836073506554,0.011569852697581314,0.017163134943740752,0.2926440358664628,0.006099549243047535,0.031946246041658785,0.011797640471905619,True,
history,2,ridge,3,1889,0.13942575052336537,0.25552462121122443,0.01796157892460357,0.02143327541628525,0.34075106625126084,0.012919236633447172,0.03129933996208425,0.0001999600079984003,True,
history,2,ridge,7,1889,0.13942575052336537,0.25552462121122443,0.01796157892460357,0.02143327541628525,0.34075106625126084,0.011351812626550063,0.03382322661570468,0.0001999600079984003,True,0.013797240551889621
history,2,ridge,14,1889,0.13942575052336537,0.25552462121122443,0.01796157892460357,0.02143327541628525,0.34075106625126084,0.010152226526385822,0.03675206024936084,0.003999200159968006,True,
history,2,training_median,3,1889,0.555739227104288,0.9898663899017217,0.14396876654314458,-0.3948802011646374,-8.893206781195982,-0.47147137654503385,-0.3247717044128098,0.0001999600079984003,True,
history,2,training_median,7,1889,0.555739227104288,0.9898663899017217,0.14396876654314458,-0.3948802011646374,-8.893206781195982,-0.5077818795562317,-0.3018110616269864,0.0001999600079984003,True,
history,2,training_median,14,1889,0.555739227104288,0.9898663899017217,0.14396876654314458,-0.3948802011646374,-8.893206781195982,-0.5401495920666447,-0.28099950008105956,0.0001999600079984003,True,
history,4,ewma,3,1889,0.28672760261511576,0.511293440468037,-0.0002848944513335078,-0.03986111240865737,-0.17903594300770242,-0.05706590097462684,-0.02399565382762837,0.0001999600079984003,True,
history,4,ewma,7,1889,0.28672760261511576,0.511293440468037,-0.0002848944513335078,-0.03986111240865737,-0.17903594300770242,-0.05624284397374001,-0.024079161714902788,0.0001999600079984003,True,
history,4,ewma,14,1889,0.28672760261511576,0.511293440468037,-0.0002848944513335078,-0.03986111240865737,-0.17903594300770242,-0.056980610096281505,-0.02373373162720024,0.0001999600079984003,True,
history,4,history_ridge,3,1889,0.29367682664930533,0.5034057425423515,0.05494536676188516,-0.04681033644284693,-0.14293868750470828,-0.06386261521370883,-0.03051094373100828,0.0001999600079984003,True,
history,4,history_ridge,7,1889,0.29367682664930533,0.5034057425423515,0.05494536676188516,-0.04681033644284693,-0.14293868750470828,-0.06319557830564952,-0.03125394761392893,0.0001999600079984003,True,
history,4,history_ridge,14,1889,0.29367682664930533,0.5034057425423515,0.05494536676188516,-0.04681033644284693,-0.14293868750470828,-0.06307602408522346,-0.030375777640536363,0.0001999600079984003,True,
history,4,indication,3,1889,0.24686649020645843,0.4708761552059696,0.03577511911064056,0.0,0.0,0.0,0.0,1.0,True,
history,4,indication,7,1889,0.24686649020645843,0.4708761552059696,0.03577511911064056,0.0,0.0,0.0,0.0,1.0,True,
history,4,indication,14,1889,0.24686649020645843,0.4708761552059696,0.03577511911064056,0.0,0.0,0.0,0.0,1.0,True,
history,4,last_settled,3,1889,0.307062361037586,0.5745793636522217,0.00018581259925886523,-0.060195870831127596,-0.4889724103902542,-0.07856022864224384,-0.043387372326065654,0.0001999600079984003,True,
history,4,last_settled,7,1889,0.307062361037586,0.5745793636522217,0.00018581259925886523,-0.060195870831127596,-0.4889724103902542,-0.07846480239002337,-0.04336123842854627,0.0001999600079984003,True,
history,4,last_settled,14,1889,0.307062361037586,0.5745793636522217,0.00018581259925886523,-0.060195870831127596,-0.4889724103902542,-0.08059860850139089,-0.04206913497515822,0.0001999600079984003,True,
history,4,one_bp_reference,3,1889,0.555739227104288,0.9898663899017217,0.14396876654314458,-0.3088727368978295,-3.419160341236142,-0.37669099918971016,-0.24729168627413986,0.0001999600079984003,True,
history,4,one_bp_reference,7,1889,0.555739227104288,0.9898663899017217,0.14396876654314458,-0.3088727368978295,-3.419160341236142,-0.4087151659734087,-0.22624110682803722,0.0001999600079984003,True,
history,4,one_bp_reference,14,1889,0.555739227104288,0.9898663899017217,0.14396876654314458,-0.3088727368978295,-3.419160341236142,-0.43636581555051895,-0.20929968639988494,0.0001999600079984003,True,
history,4,rf,3,1889,0.2318954943891496,0.3932884037419753,0.01767204992717375,0.01497099581730884,0.3023961236223828,0.0033076316604844064,0.028348631272863443,0.021595680863827234,True,
history,4,rf,7,1889,0.2318954943891496,0.3932884037419753,0.01767204992717375,0.01497099581730884,0.3023961236223828,0.0006480687691299721,0.03237508351947825,0.0637872425514897,True,1.0
history,4,rf,14,1889,0.2318954943891496,0.3932884037419753,0.01767204992717375,0.01497099581730884,0.3023961236223828,-0.0006272929344930585,0.036008472071093776,0.10897820435912818,True,
history,4,ridge,3,1889,0.22900448861942865,0.38635321201980155,0.020543093710259887,0.017862001587029774,0.3267820965366296,0.00529536531539772,0.03223525966650483,0.011797640471905619,True,
history,4,ridge,7,1889,0.22900448861942865,0.38635321201980155,0.020543093710259887,0.017862001587029774,0.3267820965366296,0.003018322087734216,0.036671576850061206,0.038592281543691265,True,1.0
history,4,ridge,14,1889,0.22900448861942865,0.38635321201980155,0.020543093710259887,0.017862001587029774,0.3267820965366296,0.00043802149032061926,0.04127457411847673,0.08198360327934413,True,
history,4,training_median,3,1889,0.555739227104288,0.9898663899017217,0.14396876654314458,-0.3088727368978295,-3.419160341236142,-0.37669099918971016,-0.24729168627413986,0.0001999600079984003,True,
history,4,training_median,7,1889,0.555739227104288,0.9898663899017217,0.14396876654314458,-0.3088727368978295,-3.419160341236142,-0.4087151659734087,-0.22624110682803722,0.0001999600079984003,True,
history,4,training_median,14,1889,0.555739227104288,0.9898663899017217,0.14396876654314458,-0.3088727368978295,-3.419160341236142,-0.43636581555051895,-0.20929968639988494,0.0001999600079984003,True,
history,6,ewma,3,1889,0.28672760261511576,0.511293440468037,-0.0002848944513335078,0.001775997173131934,0.1394046981819368,-0.010804326482176132,0.015333509650306333,0.7904419116176765,True,
history,6,ewma,7,1889,0.28672760261511576,0.511293440468037,-0.0002848944513335078,0.001775997173131934,0.1394046981819368,-0.010661459916331328,0.01571206826148109,0.7824435112977405,True,
history,6,ewma,14,1889,0.28672760261511576,0.511293440468037,-0.0002848944513335078,0.001775997173131934,0.1394046981819368,-0.010232876511788343,0.01584674524030395,0.7790441911617676,True,
history,6,history_ridge,3,1889,0.29367682664930533,0.5034057425423515,0.05494536676188516,-0.005173226861057616,0.16575260443418927,-0.019326130673128487,0.009978439562206141,0.4843031393721256,True,
history,6,history_ridge,7,1889,0.29367682664930533,0.5034057425423515,0.05494536676188516,-0.005173226861057616,0.16575260443418927,-0.019304519372863257,0.011896597228746022,0.5048990201959608,True,
history,6,history_ridge,14,1889,0.29367682664930533,0.5034057425423515,0.05494536676188516,-0.005173226861057616,0.16575260443418927,-0.019611628410456612,0.013260615869446758,0.5248950209958009,True,
history,6,indication,3,1889,0.28850359978824774,0.5511511724966346,0.017359078877713072,0.0,0.0,0.0,0.0,1.0,True,
history,6,indication,7,1889,0.28850359978824774,0.5511511724966346,0.017359078877713072,0.0,0.0,0.0,0.0,1.0,True,
history,6,indication,14,1889,0.28850359978824774,0.5511511724966346,0.017359078877713072,0.0,0.0,0.0,0.0,1.0,True,
history,6,last_settled,3,1889,0.307062361037586,0.5745793636522217,0.00018581259925886523,-0.018558761249338276,-0.0868223895276099,-0.029487959123732792,-0.007523589613864551,0.0009998000399920016,True,
history,6,last_settled,7,1889,0.307062361037586,0.5745793636522217,0.00018581259925886523,-0.018558761249338276,-0.0868223895276099,-0.028846339167066977,-0.008348418453016695,0.0005998800239952009,True,
history,6,last_settled,14,1889,0.307062361037586,0.5745793636522217,0.00018581259925886523,-0.018558761249338276,-0.0868223895276099,-0.029294994744929498,-0.008397342305658334,0.0009998000399920016,True,
history,6,one_bp_reference,3,1889,0.555739227104288,0.9898663899017217,0.14396876654314458,-0.2672356273160402,-2.225608727369975,-0.3308431469931135,-0.2100540554166879,0.0001999600079984003,True,
history,6,one_bp_reference,7,1889,0.555739227104288,0.9898663899017217,0.14396876654314458,-0.2672356273160402,-2.225608727369975,-0.359122495335087,-0.19087590794893586,0.0001999600079984003,True,
history,6,one_bp_reference,14,1889,0.555739227104288,0.9898663899017217,0.14396876654314458,-0.2672356273160402,-2.225608727369975,-0.3845585836530164,-0.17686331659654084,0.0001999600079984003,True,
history,6,rf,3,1889,0.27515291574788336,0.49757048952114225,0.027697894242427943,0.013350684040364416,0.18498095299720518,0.004822140477297209,0.022595703905843048,0.002999400119976005,True,
history,6,rf,7,1889,0.27515291574788336,0.49757048952114225,0.027697894242427943,0.013350684040364416,0.18498095299720518,0.0032506840314580417,0.026003271487737515,0.023195360927814438,True,0.9046190761847631
history,6,rf,14,1889,0.27515291574788336,0.49757048952114225,0.027697894242427943,0.013350684040364416,0.18498095299720518,0.0018510330317480896,0.02896060374570443,0.05658868226354729,True,
history,6,ridge,3,1889,0.2728205530081769,0.4721597415242809,0.04932053004652655,0.015683046780070813,0.26610076075071565,0.0034110110223309854,0.028720153975269454,0.015196960607878424,True,
history,6,ridge,7,1889,0.2728205530081769,0.4721597415242809,0.04932053004652655,0.015683046780070813,0.26610076075071565,0.0012009209632713766,0.0333640836208622,0.054789042191561686,True,1.0
history,6,ridge,14,1889,0.2728205530081769,0.4721597415242809,0.04932053004652655,0.015683046780070813,0.26610076075071565,-0.0011869090418462375,0.038291150103366436,0.11357728454309138,True,
history,6,training_median,3,1889,0.555739227104288,0.9898663899017217,0.14396876654314458,-0.2672356273160402,-2.225608727369975,-0.3308431469931135,-0.2100540554166879,0.0001999600079984003,True,
history,6,training_median,7,1889,0.555739227104288,0.9898663899017217,0.14396876654314458,-0.2672356273160402,-2.225608727369975,-0.359122495335087,-0.19087590794893586,0.0001999600079984003,True,
history,6,training_median,14,1889,0.555739227104288,0.9898663899017217,0.14396876654314458,-0.2672356273160402,-2.225608727369975,-0.3845585836530164,-0.17686331659654084,0.0001999600079984003,True,
indication,1,ewma,3,1889,0.28672760261511576,0.511293440468037,-0.0002848944513335078,-0.19398276407620635,-5.270190087776913,-0.22067407450803156,-0.16866327819809673,0.0001999600079984003,True,
indication,1,ewma,7,1889,0.28672760261511576,0.511293440468037,-0.0002848944513335078,-0.19398276407620635,-5.270190087776913,-0.23015901300270689,-0.16272648589571823,0.0001999600079984003,True,
indication,1,ewma,14,1889,0.28672760261511576,0.511293440468037,-0.0002848944513335078,-0.19398276407620635,-5.270190087776913,-0.2392469696040315,-0.15529295174566593,0.0001999600079984003,True,
indication,1,history_ridge,3,1889,0.29367682664930533,0.5034057425423515,0.05494536676188516,-0.2009319881103959,-5.078222527336437,-0.22560972651289724,-0.17802032213349503,0.0001999600079984003,True,
indication,1,history_ridge,7,1889,0.29367682664930533,0.5034057425423515,0.05494536676188516,-0.2009319881103959,-5.078222527336437,-0.2331913894021928,-0.17273822068611716,0.0001999600079984003,True,
indication,1,history_ridge,14,1889,0.29367682664930533,0.5034057425423515,0.05494536676188516,-0.2009319881103959,-5.078222527336437,-0.2410887305149764,-0.16589515222280146,0.0001999600079984003,True,
indication,1,indication,3,1889,0.09274483853890948,0.204187836482725,0.022234939121228165,0.0,0.0,0.0,0.0,1.0,True,
indication,1,indication,7,1889,0.09274483853890948,0.204187836482725,0.022234939121228165,0.0,0.0,0.0,0.0,1.0,True,
indication,1,indication,14,1889,0.09274483853890948,0.204187836482725,0.022234939121228165,0.0,0.0,0.0,0.0,1.0,True,
indication,1,last_settled,3,1889,0.307062361037586,0.5745793636522217,0.00018581259925886523,-0.21431752249867655,-6.9184524475020845,-0.24531703434807103,-0.18587293573485864,0.0001999600079984003,True,
indication,1,last_settled,7,1889,0.307062361037586,0.5745793636522217,0.00018581259925886523,-0.21431752249867655,-6.9184524475020845,-0.25555909212183886,-0.17914706669978184,0.0001999600079984003,True,
indication,1,last_settled,14,1889,0.307062361037586,0.5745793636522217,0.00018581259925886523,-0.21431752249867655,-6.9184524475020845,-0.2662823369025469,-0.17073292301677273,0.0001999600079984003,True,
indication,1,one_bp_reference,3,1889,0.555739227104288,0.9898663899017217,0.14396876654314458,-0.46299438856537856,-22.501383085260773,-0.5470333499164659,-0.3858057663921723,0.0001999600079984003,True,
indication,1,one_bp_reference,7,1889,0.555739227104288,0.9898663899017217,0.14396876654314458,-0.46299438856537856,-22.501383085260773,-0.586817703465926,-0.36070028356159634,0.0001999600079984003,True,
indication,1,one_bp_reference,14,1889,0.555739227104288,0.9898663899017217,0.14396876654314458,-0.46299438856537856,-22.501383085260773,-0.6220930279479515,-0.33747366024052416,0.0001999600079984003,True,
indication,1,rf,3,1889,0.09611723211680223,0.1976945097321539,-0.006379462672637249,-0.0033723935778927614,0.06259021618330529,-0.006866775072923315,0.00035105351677399636,0.06678664267146571,True,
indication,1,rf,7,1889,0.09611723211680223,0.1976945097321539,-0.006379462672637249,-0.0033723935778927614,0.06259021618330529,-0.007075354234842089,0.0010665814268115425,0.10457908418316336,True,1.0
indication,1,rf,14,1889,0.09611723211680223,0.1976945097321539,-0.006379462672637249,-0.0033723935778927614,0.06259021618330529,-0.007170910903288459,0.0016073036437449252,0.1281743651269746,True,
indication,1,ridge,3,1889,0.09633082736482014,0.19384069106609753,0.00267396946313443,-0.003585988825910664,0.09878136374794466,-0.006309382675715413,-0.00032301394929866965,0.01999600079984003,True,
indication,1,ridge,7,1889,0.09633082736482014,0.19384069106609753,0.00267396946313443,-0.003585988825910664,0.09878136374794466,-0.006909307004485679,0.0005823203038675379,0.0639872025594881,True,1.0
indication,1,ridge,14,1889,0.09633082736482014,0.19384069106609753,0.00267396946313443,-0.003585988825910664,0.09878136374794466,-0.007693338413865303,0.0015604113091818716,0.12037592481503699,True,
indication,1,training_median,3,1889,0.555739227104288,0.9898663899017217,0.14396876654314458,-0.46299438856537856,-22.501383085260773,-0.5470333499164659,-0.3858057663921723,0.0001999600079984003,True,
indication,1,training_median,7,1889,0.555739227104288,0.9898663899017217,0.14396876654314458,-0.46299438856537856,-22.501383085260773,-0.586817703465926,-0.36070028356159634,0.0001999600079984003,True,
indication,1,training_median,14,1889,0.555739227104288,0.9898663899017217,0.14396876654314458,-0.46299438856537856,-22.501383085260773,-0.6220930279479515,-0.33747366024052416,0.0001999600079984003,True,
indication,2,ewma,3,1889,0.28672760261511576,0.511293440468037,-0.0002848944513335078,-0.1258685766754652,-1.639516443382722,-0.14687356283863437,-0.10614180973874493,0.0001999600079984003,True,
indication,2,ewma,7,1889,0.28672760261511576,0.511293440468037,-0.0002848944513335078,-0.1258685766754652,-1.639516443382722,-0.15105199081921641,-0.10289040704203332,0.0001999600079984003,True,
indication,2,ewma,14,1889,0.28672760261511576,0.511293440468037,-0.0002848944513335078,-0.1258685766754652,-1.639516443382722,-0.15633106668747832,-0.09759897883449288,0.0001999600079984003,True,
indication,2,history_ridge,3,1889,0.29367682664930533,0.5034057425423515,0.05494536676188516,-0.13281780070965477,-1.5587052518103222,-0.15253511744977713,-0.11459195343784313,0.0001999600079984003,True,
indication,2,history_ridge,7,1889,0.29367682664930533,0.5034057425423515,0.05494536676188516,-0.13281780070965477,-1.5587052518103222,-0.15536306988375595,-0.11236068908134611,0.0001999600079984003,True,
indication,2,history_ridge,14,1889,0.29367682664930533,0.5034057425423515,0.05494536676188516,-0.13281780070965477,-1.5587052518103222,-0.15989470973033032,-0.10813824556993064,0.0001999600079984003,True,
indication,2,indication,3,1889,0.16085902593965062,0.3147081827185053,0.03809661196400211,0.0,0.0,0.0,0.0,1.0,True,
indication,2,indication,7,1889,0.16085902593965062,0.3147081827185053,0.03809661196400211,0.0,0.0,0.0,0.0,1.0,True,
indication,2,indication,14,1889,0.16085902593965062,0.3147081827185053,0.03809661196400211,0.0,0.0,0.0,0.0,1.0,True,
indication,2,last_settled,3,1889,0.307062361037586,0.5745793636522217,0.00018581259925886523,-0.14620333509793543,-2.3333734940620108,-0.17110376435524494,-0.12363830256131791,0.0001999600079984003,True,
indication,2,last_settled,7,1889,0.307062361037586,0.5745793636522217,0.00018581259925886523,-0.14620333509793543,-2.3333734940620108,-0.17658896406560518,-0.11920264822484233,0.0001999600079984003,True,
indication,2,last_settled,14,1889,0.307062361037586,0.5745793636522217,0.00018581259925886523,-0.14620333509793543,-2.3333734940620108,-0.18325625187804706,-0.11326630878324093,0.0001999600079984003,True,
indication,2,one_bp_reference,3,1889,0.555739227104288,0.9898663899017217,0.14396876654314458,-0.3948802011646374,-8.893206781195982,-0.47147137654503385,-0.3247717044128098,0.0001999600079984003,True,
indication,2,one_bp_reference,7,1889,0.555739227104288,0.9898663899017217,0.14396876654314458,-0.3948802011646374,-8.893206781195982,-0.5077818795562317,-0.3018110616269864,0.0001999600079984003,True,
indication,2,one_bp_reference,14,1889,0.555739227104288,0.9898663899017217,0.14396876654314458,-0.3948802011646374,-8.893206781195982,-0.5401495920666447,-0.28099950008105956,0.0001999600079984003,True,
indication,2,rf,3,1889,0.15875354960353255,0.29014834140676365,0.003688636923238623,0.002105476336118068,0.14998984471916288,-0.0030249932010180673,0.008192023200016017,0.45510897820435914,True,
indication,2,rf,7,1889,0.15875354960353255,0.29014834140676365,0.003688636923238623,0.002105476336118068,0.14998984471916288,-0.004172519785457969,0.010104787208367924,0.5622875424915017,True,1.0
indication,2,rf,14,1889,0.15875354960353255,0.29014834140676365,0.003688636923238623,0.002105476336118068,0.14998984471916288,-0.004993823189898476,0.011699553689705237,0.625874825034993,True,
indication,2,ridge,3,1889,0.16194043545665474,0.2914412763293046,0.018744713207312406,-0.001081409517004134,0.14239747688018622,-0.005829668392944414,0.004933718864724857,0.6890621875624875,True,
indication,2,ridge,7,1889,0.16194043545665474,0.2914412763293046,0.018744713207312406,-0.001081409517004134,0.14239747688018622,-0.0068979014657377415,0.0068894065172110525,0.7504499100179964,True,1.0
indication,2,ridge,14,1889,0.16194043545665474,0.2914412763293046,0.018744713207312406,-0.001081409517004134,0.14239747688018622,-0.007686317917719178,0.008261075410504212,0.7950409918016397,True,
indication,2,training_median,3,1889,0.555739227104288,0.9898663899017217,0.14396876654314458,-0.3948802011646374,-8.893206781195982,-0.47147137654503385,-0.3247717044128098,0.0001999600079984003,True,
indication,2,training_median,7,1889,0.555739227104288,0.9898663899017217,0.14396876654314458,-0.3948802011646374,-8.893206781195982,-0.5077818795562317,-0.3018110616269864,0.0001999600079984003,True,
indication,2,training_median,14,1889,0.555739227104288,0.9898663899017217,0.14396876654314458,-0.3948802011646374,-8.893206781195982,-0.5401495920666447,-0.28099950008105956,0.0001999600079984003,True,
indication,4,ewma,3,1889,0.28672760261511576,0.511293440468037,-0.0002848944513335078,-0.03986111240865737,-0.17903594300770242,-0.05706590097462684,-0.02399565382762837,0.0001999600079984003,True,
indication,4,ewma,7,1889,0.28672760261511576,0.511293440468037,-0.0002848944513335078,-0.03986111240865737,-0.17903594300770242,-0.05624284397374001,-0.024079161714902788,0.0001999600079984003,True,
indication,4,ewma,14,1889,0.28672760261511576,0.511293440468037,-0.0002848944513335078,-0.03986111240865737,-0.17903594300770242,-0.056980610096281505,-0.02373373162720024,0.0001999600079984003,True,
indication,4,history_ridge,3,1889,0.29367682664930533,0.5034057425423515,0.05494536676188516,-0.04681033644284693,-0.14293868750470828,-0.06386261521370883,-0.03051094373100828,0.0001999600079984003,True,
indication,4,history_ridge,7,1889,0.29367682664930533,0.5034057425423515,0.05494536676188516,-0.04681033644284693,-0.14293868750470828,-0.06319557830564952,-0.03125394761392893,0.0001999600079984003,True,
indication,4,history_ridge,14,1889,0.29367682664930533,0.5034057425423515,0.05494536676188516,-0.04681033644284693,-0.14293868750470828,-0.06307602408522346,-0.030375777640536363,0.0001999600079984003,True,
indication,4,indication,3,1889,0.24686649020645843,0.4708761552059696,0.03577511911064056,0.0,0.0,0.0,0.0,1.0,True,
indication,4,indication,7,1889,0.24686649020645843,0.4708761552059696,0.03577511911064056,0.0,0.0,0.0,0.0,1.0,True,
indication,4,indication,14,1889,0.24686649020645843,0.4708761552059696,0.03577511911064056,0.0,0.0,0.0,0.0,1.0,True,
indication,4,last_settled,3,1889,0.307062361037586,0.5745793636522217,0.00018581259925886523,-0.060195870831127596,-0.4889724103902542,-0.07856022864224384,-0.043387372326065654,0.0001999600079984003,True,
indication,4,last_settled,7,1889,0.307062361037586,0.5745793636522217,0.00018581259925886523,-0.060195870831127596,-0.4889724103902542,-0.07846480239002337,-0.04336123842854627,0.0001999600079984003,True,
indication,4,last_settled,14,1889,0.307062361037586,0.5745793636522217,0.00018581259925886523,-0.060195870831127596,-0.4889724103902542,-0.08059860850139089,-0.04206913497515822,0.0001999600079984003,True,
indication,4,one_bp_reference,3,1889,0.555739227104288,0.9898663899017217,0.14396876654314458,-0.3088727368978295,-3.419160341236142,-0.37669099918971016,-0.24729168627413986,0.0001999600079984003,True,
indication,4,one_bp_reference,7,1889,0.555739227104288,0.9898663899017217,0.14396876654314458,-0.3088727368978295,-3.419160341236142,-0.4087151659734087,-0.22624110682803722,0.0001999600079984003,True,
indication,4,one_bp_reference,14,1889,0.555739227104288,0.9898663899017217,0.14396876654314458,-0.3088727368978295,-3.419160341236142,-0.43636581555051895,-0.20929968639988494,0.0001999600079984003,True,
indication,4,rf,3,1889,0.2596548310812619,0.44881491377121036,0.02844075080818751,-0.012788340874803454,0.09150788532706067,-0.024090824706794065,-0.0011593977555353044,0.030193961207758448,True,
indication,4,rf,7,1889,0.2596548310812619,0.44881491377121036,0.02844075080818751,-0.012788340874803454,0.09150788532706067,-0.026713277649751094,0.0017130962380059892,0.07978404319136173,True,1.0
indication,4,rf,14,1889,0.2596548310812619,0.44881491377121036,0.02844075080818751,-0.012788340874803454,0.09150788532706067,-0.02847380605701922,0.0030257303273207928,0.11637672465506899,True,
indication,4,ridge,3,1889,0.24444602285558262,0.43092938010292464,0.06852523908358983,0.002420467350875807,0.16247300907752438,-0.005281438968879381,0.011070009069040772,0.5686862627474505,True,
indication,4,ridge,7,1889,0.24444602285558262,0.43092938010292464,0.06852523908358983,0.002420467350875807,0.16247300907752438,-0.006320671061843526,0.012945198913097453,0.6214757048590281,True,1.0
indication,4,ridge,14,1889,0.24444602285558262,0.43092938010292464,0.06852523908358983,0.002420467350875807,0.16247300907752438,-0.007706344624058084,0.014895626791686378,0.6742651469706059,True,
indication,4,training_median,3,1889,0.555739227104288,0.9898663899017217,0.14396876654314458,-0.3088727368978295,-3.419160341236142,-0.37669099918971016,-0.24729168627413986,0.0001999600079984003,True,
indication,4,training_median,7,1889,0.555739227104288,0.9898663899017217,0.14396876654314458,-0.3088727368978295,-3.419160341236142,-0.4087151659734087,-0.22624110682803722,0.0001999600079984003,True,
indication,4,training_median,14,1889,0.555739227104288,0.9898663899017217,0.14396876654314458,-0.3088727368978295,-3.419160341236142,-0.43636581555051895,-0.20929968639988494,0.0001999600079984003,True,
indication,6,ewma,3,1889,0.28672760261511576,0.511293440468037,-0.0002848944513335078,0.001775997173131934,0.1394046981819368,-0.010804326482176132,0.015333509650306333,0.7904419116176765,True,
indication,6,ewma,7,1889,0.28672760261511576,0.511293440468037,-0.0002848944513335078,0.001775997173131934,0.1394046981819368,-0.010661459916331328,0.01571206826148109,0.7824435112977405,True,
indication,6,ewma,14,1889,0.28672760261511576,0.511293440468037,-0.0002848944513335078,0.001775997173131934,0.1394046981819368,-0.010232876511788343,0.01584674524030395,0.7790441911617676,True,
indication,6,history_ridge,3,1889,0.29367682664930533,0.5034057425423515,0.05494536676188516,-0.005173226861057616,0.16575260443418927,-0.019326130673128487,0.009978439562206141,0.4843031393721256,True,
indication,6,history_ridge,7,1889,0.29367682664930533,0.5034057425423515,0.05494536676188516,-0.005173226861057616,0.16575260443418927,-0.019304519372863257,0.011896597228746022,0.5048990201959608,True,
indication,6,history_ridge,14,1889,0.29367682664930533,0.5034057425423515,0.05494536676188516,-0.005173226861057616,0.16575260443418927,-0.019611628410456612,0.013260615869446758,0.5248950209958009,True,
indication,6,indication,3,1889,0.28850359978824774,0.5511511724966346,0.017359078877713072,0.0,0.0,0.0,0.0,1.0,True,
indication,6,indication,7,1889,0.28850359978824774,0.5511511724966346,0.017359078877713072,0.0,0.0,0.0,0.0,1.0,True,
indication,6,indication,14,1889,0.28850359978824774,0.5511511724966346,0.017359078877713072,0.0,0.0,0.0,0.0,1.0,True,
indication,6,last_settled,3,1889,0.307062361037586,0.5745793636522217,0.00018581259925886523,-0.018558761249338276,-0.0868223895276099,-0.029487959123732792,-0.007523589613864551,0.0009998000399920016,True,
indication,6,last_settled,7,1889,0.307062361037586,0.5745793636522217,0.00018581259925886523,-0.018558761249338276,-0.0868223895276099,-0.028846339167066977,-0.008348418453016695,0.0005998800239952009,True,
indication,6,last_settled,14,1889,0.307062361037586,0.5745793636522217,0.00018581259925886523,-0.018558761249338276,-0.0868223895276099,-0.029294994744929498,-0.008397342305658334,0.0009998000399920016,True,
indication,6,one_bp_reference,3,1889,0.555739227104288,0.9898663899017217,0.14396876654314458,-0.2672356273160402,-2.225608727369975,-0.3308431469931135,-0.2100540554166879,0.0001999600079984003,True,
indication,6,one_bp_reference,7,1889,0.555739227104288,0.9898663899017217,0.14396876654314458,-0.2672356273160402,-2.225608727369975,-0.359122495335087,-0.19087590794893586,0.0001999600079984003,True,
indication,6,one_bp_reference,14,1889,0.555739227104288,0.9898663899017217,0.14396876654314458,-0.2672356273160402,-2.225608727369975,-0.3845585836530164,-0.17686331659654084,0.0001999600079984003,True,
indication,6,rf,3,1889,0.28137493846154066,0.5134828245003271,0.042623905021318624,0.007128661326707087,0.13201869427364588,0.0003869247041755623,0.014362591793700141,0.047590481903619274,True,
indication,6,rf,7,1889,0.28137493846154066,0.5134828245003271,0.042623905021318624,0.007128661326707087,0.13201869427364588,-0.0009842445807474506,0.016333322525088415,0.10877824435112977,True,1.0
indication,6,rf,14,1889,0.28137493846154066,0.5134828245003271,0.042623905021318624,0.007128661326707087,0.13201869427364588,-0.00235606289092046,0.01811674217902924,0.16316736652669467,True,
indication,6,ridge,3,1889,0.3018492106879102,0.5160581299753167,0.098328633610986,-0.01334561089966242,0.1232903693096028,-0.02188929298879354,-0.004502323226975502,0.001799640071985603,True,
indication,6,ridge,7,1889,0.3018492106879102,0.5160581299753167,0.098328633610986,-0.01334561089966242,0.1232903693096028,-0.02298907601903996,-0.002511137069463398,0.009998000399920015,True,0.4399120175964807
indication,6,ridge,14,1889,0.3018492106879102,0.5160581299753167,0.098328633610986,-0.01334561089966242,0.1232903693096028,-0.025445388148249943,0.0003247702137887737,0.042191561687662464,True,
indication,6,training_median,3,1889,0.555739227104288,0.9898663899017217,0.14396876654314458,-0.2672356273160402,-2.225608727369975,-0.3308431469931135,-0.2100540554166879,0.0001999600079984003,True,
indication,6,training_median,7,1889,0.555739227104288,0.9898663899017217,0.14396876654314458,-0.2672356273160402,-2.225608727369975,-0.359122495335087,-0.19087590794893586,0.0001999600079984003,True,
indication,6,training_median,14,1889,0.555739227104288,0.9898663899017217,0.14396876654314458,-0.2672356273160402,-2.225608727369975,-0.3845585836530164,-0.17686331659654084,0.0001999600079984003,True,
main,1,ewma,3,1889,0.28672760261511576,0.511293440468037,-0.0002848944513335078,-0.19398276407620635,-5.270190087776913,-0.22067407450803156,-0.16866327819809673,0.0001999600079984003,True,
main,1,ewma,7,1889,0.28672760261511576,0.511293440468037,-0.0002848944513335078,-0.19398276407620635,-5.270190087776913,-0.23015901300270689,-0.16272648589571823,0.0001999600079984003,True,
main,1,ewma,14,1889,0.28672760261511576,0.511293440468037,-0.0002848944513335078,-0.19398276407620635,-5.270190087776913,-0.2392469696040315,-0.15529295174566593,0.0001999600079984003,True,
main,1,history_ridge,3,1889,0.29367682664930533,0.5034057425423515,0.05494536676188516,-0.2009319881103959,-5.078222527336437,-0.22560972651289724,-0.17802032213349503,0.0001999600079984003,True,
main,1,history_ridge,7,1889,0.29367682664930533,0.5034057425423515,0.05494536676188516,-0.2009319881103959,-5.078222527336437,-0.2331913894021928,-0.17273822068611716,0.0001999600079984003,True,
main,1,history_ridge,14,1889,0.29367682664930533,0.5034057425423515,0.05494536676188516,-0.2009319881103959,-5.078222527336437,-0.2410887305149764,-0.16589515222280146,0.0001999600079984003,True,
main,1,indication,3,1889,0.09274483853890948,0.204187836482725,0.022234939121228165,0.0,0.0,0.0,0.0,1.0,True,
main,1,indication,7,1889,0.09274483853890948,0.204187836482725,0.022234939121228165,0.0,0.0,0.0,0.0,1.0,True,
main,1,indication,14,1889,0.09274483853890948,0.204187836482725,0.022234939121228165,0.0,0.0,0.0,0.0,1.0,True,
main,1,last_settled,3,1889,0.307062361037586,0.5745793636522217,0.00018581259925886523,-0.21431752249867655,-6.9184524475020845,-0.24531703434807103,-0.18587293573485864,0.0001999600079984003,True,
main,1,last_settled,7,1889,0.307062361037586,0.5745793636522217,0.00018581259925886523,-0.21431752249867655,-6.9184524475020845,-0.25555909212183886,-0.17914706669978184,0.0001999600079984003,True,
main,1,last_settled,14,1889,0.307062361037586,0.5745793636522217,0.00018581259925886523,-0.21431752249867655,-6.9184524475020845,-0.2662823369025469,-0.17073292301677273,0.0001999600079984003,True,
main,1,one_bp_reference,3,1889,0.555739227104288,0.9898663899017217,0.14396876654314458,-0.46299438856537856,-22.501383085260773,-0.5470333499164659,-0.3858057663921723,0.0001999600079984003,True,
main,1,one_bp_reference,7,1889,0.555739227104288,0.9898663899017217,0.14396876654314458,-0.46299438856537856,-22.501383085260773,-0.586817703465926,-0.36070028356159634,0.0001999600079984003,True,
main,1,one_bp_reference,14,1889,0.555739227104288,0.9898663899017217,0.14396876654314458,-0.46299438856537856,-22.501383085260773,-0.6220930279479515,-0.33747366024052416,0.0001999600079984003,True,
main,1,rf,3,1889,0.07316357309995142,0.15923759627499945,0.004462299701824215,0.019581265438958058,0.39182090026994465,0.01350626578281631,0.02671677637219098,0.0001999600079984003,True,
main,1,rf,7,1889,0.07316357309995142,0.15923759627499945,0.004462299701824215,0.019581265438958058,0.39182090026994465,0.0121794992097364,0.028842725604935764,0.0001999600079984003,True,0.013797240551889621
main,1,rf,14,1889,0.07316357309995142,0.15923759627499945,0.004462299701824215,0.019581265438958058,0.39182090026994465,0.010965564502863559,0.031604517710141056,0.0023995200959808036,True,
main,1,ridge,3,1889,0.09722695916625167,0.1720778252381987,-0.00787373225051914,-0.004482120627342194,0.28978460445846144,-0.011738867030431473,0.0036209975537397003,0.2505498900219956,True,
main,1,ridge,7,1889,0.09722695916625167,0.1720778252381987,-0.00787373225051914,-0.004482120627342194,0.28978460445846144,-0.013473441142357693,0.005972380829852995,0.3613277344531094,True,1.0
main,1,ridge,14,1889,0.09722695916625167,0.1720778252381987,-0.00787373225051914,-0.004482120627342194,0.28978460445846144,-0.015568550316644954,0.008414356109986275,0.4575084983003399,True,
main,1,training_median,3,1889,0.555739227104288,0.9898663899017217,0.14396876654314458,-0.46299438856537856,-22.501383085260773,-0.5470333499164659,-0.3858057663921723,0.0001999600079984003,True,
main,1,training_median,7,1889,0.555739227104288,0.9898663899017217,0.14396876654314458,-0.46299438856537856,-22.501383085260773,-0.586817703465926,-0.36070028356159634,0.0001999600079984003,True,
main,1,training_median,14,1889,0.555739227104288,0.9898663899017217,0.14396876654314458,-0.46299438856537856,-22.501383085260773,-0.6220930279479515,-0.33747366024052416,0.0001999600079984003,True,
main,2,ewma,3,1889,0.28672760261511576,0.511293440468037,-0.0002848944513335078,-0.1258685766754652,-1.639516443382722,-0.14687356283863437,-0.10614180973874493,0.0001999600079984003,True,
main,2,ewma,7,1889,0.28672760261511576,0.511293440468037,-0.0002848944513335078,-0.1258685766754652,-1.639516443382722,-0.15105199081921641,-0.10289040704203332,0.0001999600079984003,True,
main,2,ewma,14,1889,0.28672760261511576,0.511293440468037,-0.0002848944513335078,-0.1258685766754652,-1.639516443382722,-0.15633106668747832,-0.09759897883449288,0.0001999600079984003,True,
main,2,history_ridge,3,1889,0.29367682664930533,0.5034057425423515,0.05494536676188516,-0.13281780070965477,-1.5587052518103222,-0.15253511744977713,-0.11459195343784313,0.0001999600079984003,True,
main,2,history_ridge,7,1889,0.29367682664930533,0.5034057425423515,0.05494536676188516,-0.13281780070965477,-1.5587052518103222,-0.15536306988375595,-0.11236068908134611,0.0001999600079984003,True,
main,2,history_ridge,14,1889,0.29367682664930533,0.5034057425423515,0.05494536676188516,-0.13281780070965477,-1.5587052518103222,-0.15989470973033032,-0.10813824556993064,0.0001999600079984003,True,
main,2,indication,3,1889,0.16085902593965062,0.3147081827185053,0.03809661196400211,0.0,0.0,0.0,0.0,1.0,True,
main,2,indication,7,1889,0.16085902593965062,0.3147081827185053,0.03809661196400211,0.0,0.0,0.0,0.0,1.0,True,
main,2,indication,14,1889,0.16085902593965062,0.3147081827185053,0.03809661196400211,0.0,0.0,0.0,0.0,1.0,True,
main,2,last_settled,3,1889,0.307062361037586,0.5745793636522217,0.00018581259925886523,-0.14620333509793543,-2.3333734940620108,-0.17110376435524494,-0.12363830256131791,0.0001999600079984003,True,
main,2,last_settled,7,1889,0.307062361037586,0.5745793636522217,0.00018581259925886523,-0.14620333509793543,-2.3333734940620108,-0.17658896406560518,-0.11920264822484233,0.0001999600079984003,True,
main,2,last_settled,14,1889,0.307062361037586,0.5745793636522217,0.00018581259925886523,-0.14620333509793543,-2.3333734940620108,-0.18325625187804706,-0.11326630878324093,0.0001999600079984003,True,
main,2,one_bp_reference,3,1889,0.555739227104288,0.9898663899017217,0.14396876654314458,-0.3948802011646374,-8.893206781195982,-0.47147137654503385,-0.3247717044128098,0.0001999600079984003,True,
main,2,one_bp_reference,7,1889,0.555739227104288,0.9898663899017217,0.14396876654314458,-0.3948802011646374,-8.893206781195982,-0.5077818795562317,-0.3018110616269864,0.0001999600079984003,True,
main,2,one_bp_reference,14,1889,0.555739227104288,0.9898663899017217,0.14396876654314458,-0.3948802011646374,-8.893206781195982,-0.5401495920666447,-0.28099950008105956,0.0001999600079984003,True,
main,2,rf,3,1889,0.1442222874434005,0.2650287416187102,0.013046772854296415,0.0166367384962501,0.29079811912165254,0.008838481260005538,0.025545740052376996,0.0003999200159968006,True,
main,2,rf,7,1889,0.1442222874434005,0.2650287416187102,0.013046772854296415,0.0166367384962501,0.29079811912165254,0.007424946837149291,0.027798255005423145,0.002999400119976005,True,0.13797240551889622
main,2,rf,14,1889,0.1442222874434005,0.2650287416187102,0.013046772854296415,0.0166367384962501,0.29079811912165254,0.005815855892764117,0.03093558233937872,0.01219756048790242,True,
main,2,ridge,3,1889,0.16182374336239314,0.26325545942840795,0.00016376137140652983,-0.0009647174227425062,0.3002567745522716,-0.011249893813238883,0.010326585717426872,0.8534293141371726,True,
main,2,ridge,7,1889,0.16182374336239314,0.26325545942840795,0.00016376137140652983,-0.0009647174227425062,0.3002567745522716,-0.012884880691198987,0.013158553903939664,0.8818236352729454,True,1.0
main,2,ridge,14,1889,0.16182374336239314,0.26325545942840795,0.00016376137140652983,-0.0009647174227425062,0.3002567745522716,-0.01536543325591447,0.016355905645704855,0.9010197960407919,True,
main,2,training_median,3,1889,0.555739227104288,0.9898663899017217,0.14396876654314458,-0.3948802011646374,-8.893206781195982,-0.47147137654503385,-0.3247717044128098,0.0001999600079984003,True,
main,2,training_median,7,1889,0.555739227104288,0.9898663899017217,0.14396876654314458,-0.3948802011646374,-8.893206781195982,-0.5077818795562317,-0.3018110616269864,0.0001999600079984003,True,
main,2,training_median,14,1889,0.555739227104288,0.9898663899017217,0.14396876654314458,-0.3948802011646374,-8.893206781195982,-0.5401495920666447,-0.28099950008105956,0.0001999600079984003,True,
main,4,ewma,3,1889,0.28672760261511576,0.511293440468037,-0.0002848944513335078,-0.03986111240865737,-0.17903594300770242,-0.05706590097462684,-0.02399565382762837,0.0001999600079984003,True,
main,4,ewma,7,1889,0.28672760261511576,0.511293440468037,-0.0002848944513335078,-0.03986111240865737,-0.17903594300770242,-0.05624284397374001,-0.024079161714902788,0.0001999600079984003,True,
main,4,ewma,14,1889,0.28672760261511576,0.511293440468037,-0.0002848944513335078,-0.03986111240865737,-0.17903594300770242,-0.056980610096281505,-0.02373373162720024,0.0001999600079984003,True,
main,4,history_ridge,3,1889,0.29367682664930533,0.5034057425423515,0.05494536676188516,-0.04681033644284693,-0.14293868750470828,-0.06386261521370883,-0.03051094373100828,0.0001999600079984003,True,
main,4,history_ridge,7,1889,0.29367682664930533,0.5034057425423515,0.05494536676188516,-0.04681033644284693,-0.14293868750470828,-0.06319557830564952,-0.03125394761392893,0.0001999600079984003,True,
main,4,history_ridge,14,1889,0.29367682664930533,0.5034057425423515,0.05494536676188516,-0.04681033644284693,-0.14293868750470828,-0.06307602408522346,-0.030375777640536363,0.0001999600079984003,True,
main,4,indication,3,1889,0.24686649020645843,0.4708761552059696,0.03577511911064056,0.0,0.0,0.0,0.0,1.0,True,
main,4,indication,7,1889,0.24686649020645843,0.4708761552059696,0.03577511911064056,0.0,0.0,0.0,0.0,1.0,True,
main,4,indication,14,1889,0.24686649020645843,0.4708761552059696,0.03577511911064056,0.0,0.0,0.0,0.0,1.0,True,
main,4,last_settled,3,1889,0.307062361037586,0.5745793636522217,0.00018581259925886523,-0.060195870831127596,-0.4889724103902542,-0.07856022864224384,-0.043387372326065654,0.0001999600079984003,True,
main,4,last_settled,7,1889,0.307062361037586,0.5745793636522217,0.00018581259925886523,-0.060195870831127596,-0.4889724103902542,-0.07846480239002337,-0.04336123842854627,0.0001999600079984003,True,
main,4,last_settled,14,1889,0.307062361037586,0.5745793636522217,0.00018581259925886523,-0.060195870831127596,-0.4889724103902542,-0.08059860850139089,-0.04206913497515822,0.0001999600079984003,True,
main,4,one_bp_reference,3,1889,0.555739227104288,0.9898663899017217,0.14396876654314458,-0.3088727368978295,-3.419160341236142,-0.37669099918971016,-0.24729168627413986,0.0001999600079984003,True,
main,4,one_bp_reference,7,1889,0.555739227104288,0.9898663899017217,0.14396876654314458,-0.3088727368978295,-3.419160341236142,-0.4087151659734087,-0.22624110682803722,0.0001999600079984003,True,
main,4,one_bp_reference,14,1889,0.555739227104288,0.9898663899017217,0.14396876654314458,-0.3088727368978295,-3.419160341236142,-0.43636581555051895,-0.20929968639988494,0.0001999600079984003,True,
main,4,rf,3,1889,0.23246365655993828,0.3878641535252938,0.018401269881245897,0.014402833646520154,0.3215061891624956,0.0011307999402692015,0.028927697606550208,0.04439112177564487,True,
main,4,rf,7,1889,0.23246365655993828,0.3878641535252938,0.018401269881245897,0.014402833646520154,0.3215061891624956,-0.0015442144441776165,0.033304330994340485,0.10857828434313137,True,1.0
main,4,rf,14,1889,0.23246365655993828,0.3878641535252938,0.018401269881245897,0.014402833646520154,0.3215061891624956,-0.0032969197785734775,0.03769362527945952,0.16736652669466107,True,
main,4,ridge,3,1889,0.2382533566503211,0.38494730025255974,0.00138083736287619,0.008613133556137315,0.33167276573449955,-0.005525226085146879,0.0243682372150189,0.2503499300139972,True,
main,4,ridge,7,1889,0.2382533566503211,0.38494730025255974,0.00138083736287619,0.008613133556137315,0.33167276573449955,-0.00796965380173743,0.028633029754112964,0.34973005398920215,True,
main,4,ridge,14,1889,0.2382533566503211,0.38494730025255974,0.00138083736287619,0.008613133556137315,0.33167276573449955,-0.010898196145873751,0.033284903583298796,0.4349130173965207,True,
main,4,training_median,3,1889,0.555739227104288,0.9898663899017217,0.14396876654314458,-0.3088727368978295,-3.419160341236142,-0.37669099918971016,-0.24729168627413986,0.0001999600079984003,True,
main,4,training_median,7,1889,0.555739227104288,0.9898663899017217,0.14396876654314458,-0.3088727368978295,-3.419160341236142,-0.4087151659734087,-0.22624110682803722,0.0001999600079984003,True,
main,4,training_median,14,1889,0.555739227104288,0.9898663899017217,0.14396876654314458,-0.3088727368978295,-3.419160341236142,-0.43636581555051895,-0.20929968639988494,0.0001999600079984003,True,
main,6,ewma,3,1889,0.28672760261511576,0.511293440468037,-0.0002848944513335078,0.001775997173131934,0.1394046981819368,-0.010804326482176132,0.015333509650306333,0.7904419116176765,True,
main,6,ewma,7,1889,0.28672760261511576,0.511293440468037,-0.0002848944513335078,0.001775997173131934,0.1394046981819368,-0.010661459916331328,0.01571206826148109,0.7824435112977405,True,
main,6,ewma,14,1889,0.28672760261511576,0.511293440468037,-0.0002848944513335078,0.001775997173131934,0.1394046981819368,-0.010232876511788343,0.01584674524030395,0.7790441911617676,True,
main,6,history_ridge,3,1889,0.29367682664930533,0.5034057425423515,0.05494536676188516,-0.005173226861057616,0.16575260443418927,-0.019326130673128487,0.009978439562206141,0.4843031393721256,True,
main,6,history_ridge,7,1889,0.29367682664930533,0.5034057425423515,0.05494536676188516,-0.005173226861057616,0.16575260443418927,-0.019304519372863257,0.011896597228746022,0.5048990201959608,True,
main,6,history_ridge,14,1889,0.29367682664930533,0.5034057425423515,0.05494536676188516,-0.005173226861057616,0.16575260443418927,-0.019611628410456612,0.013260615869446758,0.5248950209958009,True,
main,6,indication,3,1889,0.28850359978824774,0.5511511724966346,0.017359078877713072,0.0,0.0,0.0,0.0,1.0,True,
main,6,indication,7,1889,0.28850359978824774,0.5511511724966346,0.017359078877713072,0.0,0.0,0.0,0.0,1.0,True,
main,6,indication,14,1889,0.28850359978824774,0.5511511724966346,0.017359078877713072,0.0,0.0,0.0,0.0,1.0,True,
main,6,last_settled,3,1889,0.307062361037586,0.5745793636522217,0.00018581259925886523,-0.018558761249338276,-0.0868223895276099,-0.029487959123732792,-0.007523589613864551,0.0009998000399920016,True,
main,6,last_settled,7,1889,0.307062361037586,0.5745793636522217,0.00018581259925886523,-0.018558761249338276,-0.0868223895276099,-0.028846339167066977,-0.008348418453016695,0.0005998800239952009,True,
main,6,last_settled,14,1889,0.307062361037586,0.5745793636522217,0.00018581259925886523,-0.018558761249338276,-0.0868223895276099,-0.029294994744929498,-0.008397342305658334,0.0009998000399920016,True,
main,6,one_bp_reference,3,1889,0.555739227104288,0.9898663899017217,0.14396876654314458,-0.2672356273160402,-2.225608727369975,-0.3308431469931135,-0.2100540554166879,0.0001999600079984003,True,
main,6,one_bp_reference,7,1889,0.555739227104288,0.9898663899017217,0.14396876654314458,-0.2672356273160402,-2.225608727369975,-0.359122495335087,-0.19087590794893586,0.0001999600079984003,True,
main,6,one_bp_reference,14,1889,0.555739227104288,0.9898663899017217,0.14396876654314458,-0.2672356273160402,-2.225608727369975,-0.3845585836530164,-0.17686331659654084,0.0001999600079984003,True,
main,6,rf,3,1889,0.27528797134028354,0.49753635696709503,0.03025287144817435,0.013215628447964211,0.18509276721488188,0.0050161304827441066,0.02199109519903908,0.0023995200959808036,True,
main,6,rf,7,1889,0.27528797134028354,0.49753635696709503,0.03025287144817435,0.013215628447964211,0.18509276721488188,0.0037172626734759203,0.024920677653719896,0.01739652069586083,True,0.713257348530294
main,6,rf,14,1889,0.27528797134028354,0.49753635696709503,0.03025287144817435,0.013215628447964211,0.18509276721488188,0.002234151518687704,0.027813218508171613,0.04239152169566087,True,
main,6,ridge,3,1889,0.30393150864882046,0.47955164917318127,0.030380115181898995,-0.01542790886057271,0.2429417327228942,-0.031410862284643244,0.0007786666402924453,0.0611877624475105,True,
main,6,ridge,7,1889,0.30393150864882046,0.47955164917318127,0.030380115181898995,-0.01542790886057271,0.2429417327228942,-0.03421769036790771,0.004895974731422975,0.1271745650869826,True,1.0
main,6,ridge,14,1889,0.30393150864882046,0.47955164917318127,0.030380115181898995,-0.01542790886057271,0.2429417327228942,-0.03869736315783986,0.010320142960485433,0.21315736852629474,True,
main,6,training_median,3,1889,0.555739227104288,0.9898663899017217,0.14396876654314458,-0.2672356273160402,-2.225608727369975,-0.3308431469931135,-0.2100540554166879,0.0001999600079984003,True,
main,6,training_median,7,1889,0.555739227104288,0.9898663899017217,0.14396876654314458,-0.2672356273160402,-2.225608727369975,-0.359122495335087,-0.19087590794893586,0.0001999600079984003,True,
main,6,training_median,14,1889,0.555739227104288,0.9898663899017217,0.14396876654314458,-0.2672356273160402,-2.225608727369975,-0.3845585836530164,-0.17686331659654084,0.0001999600079984003,True,
