max_age_minutes,horizon,model,n,mae_bp,rmse_bp,bias_bp,gain_bp,mse_skill
30,1,ewma,1569,0.2840674156834848,0.5081383641125263,0.004029796375845223,-0.1908150893609864,-5.204882508253115
30,1,history_ridge,1569,0.2905683982693508,0.49776555003380796,0.057893639801479976,-0.19731607194685244,-4.954143049548524
30,1,indication,1569,0.09325232632249841,0.2039929713450685,0.02392434671765456,0.0,0.0
30,1,last_settled,1569,0.3048266411727215,0.5757554817352999,0.0038622052262587666,-0.21157431485022307,-6.966100025705118
30,1,one_bp_reference,1569,0.5642871255576801,1.0063437787613263,0.13060401529636712,-0.4710347992351816,-23.33673563274332
30,1,rf,1569,0.0713731667763248,0.15814604446612526,0.0068313068068501575,0.021879159546173612,0.3989836870485097
30,1,ridge,1569,0.0956334518453497,0.1711937599689885,-0.0030789449922366753,-0.0023811255228513065,0.2957198415141261
30,1,training_median,1569,0.5642871255576801,1.0063437787613263,0.13060401529636712,-0.4710347992351816,-23.33673563274332
30,2,ewma,1569,0.2840674156834848,0.5081383641125263,0.004029796375845223,-0.12304708426219736,-1.5831419370380364
30,2,history_ridge,1569,0.2905683982693508,0.49776555003380796,0.057893639801479976,-0.1295480668480634,-1.4787571061909501
30,2,indication,1569,0.16102033142128744,0.31616067490785427,0.039267367750159335,0.0,0.0
30,2,last_settled,1569,0.3048266411727215,0.5757554817352999,0.0038622052262587666,-0.14380630975143402,-2.316350796919756
30,2,one_bp_reference,1569,0.5642871255576801,1.0063437787613263,0.13060401529636712,-0.40326679413639266,-9.13157659954562
30,2,rf,1569,0.14220736143994983,0.258000372049698,0.01192457266866308,0.018812969981337618,0.3340755441793326
30,2,ridge,1569,0.16050959640665202,0.2609564084667999,0.001888573291318943,0.0005107350146354138,0.31872848136140497
30,2,training_median,1569,0.5642871255576801,1.0063437787613263,0.13060401529636712,-0.40326679413639266,-9.13157659954562
30,4,ewma,1569,0.2840674156834848,0.5081383641125263,0.004029796375845223,-0.03575855653753197,-0.09721871851198172
30,4,history_ridge,1569,0.2905683982693508,0.49776555003380796,0.057893639801479976,-0.042259539123397985,-0.052880082414632934
30,4,indication,1569,0.24830885914595285,0.4851045868585501,0.0410868068833652,0.0,0.0
30,4,last_settled,1569,0.3048266411727215,0.5757554817352999,0.0038622052262587666,-0.056517782026768645,-0.40865746452356233
30,4,one_bp_reference,1569,0.5642871255576801,1.0063437787613263,0.13060401529636712,-0.3159782664117272,-3.30350161315806
30,4,rf,1569,0.23370230272854603,0.39602170621052535,0.021855020001452778,0.0146065564174068,0.33355054224472913
30,4,ridge,1569,0.2372694369008131,0.3894577333909557,0.007148568245836154,0.011039422245139726,0.3554599598583954
30,4,training_median,1569,0.5642871255576801,1.0063437787613263,0.13060401529636712,-0.3159782664117272,-3.30350161315806
30,6,ewma,1569,0.2840674156834848,0.5081383641125263,0.004029796375845223,0.005984591964698749,0.17824620961147575
30,6,history_ridge,1569,0.2905683982693508,0.49776555003380796,0.057893639801479976,-0.000516390621167265,0.21145330101351323
30,6,indication,1569,0.29005200764818356,0.5605458312761962,0.025774633524537925,0.0,0.0
30,6,last_settled,1569,0.3048266411727215,0.5757554817352999,0.0038622052262587666,-0.014774633524537924,-0.055003520538904116
30,6,one_bp_reference,1569,0.5642871255576801,1.0063437787613263,0.13060401529636712,-0.2742351179094965,-2.2230754934182677
30,6,rf,1569,0.2751521961914971,0.5037824492630303,0.03951275756174137,0.014899811456686472,0.1922744647466227
30,6,ridge,1569,0.3038340501812078,0.48239897510212604,0.04436685759232666,-0.013782042533024253,0.259388419362495
30,6,training_median,1569,0.5642871255576801,1.0063437787613263,0.13060401529636712,-0.2742351179094965,-2.2230754934182677
60,1,ewma,1569,0.2840674156834848,0.5081383641125263,0.004029796375845223,-0.1908150893609864,-5.204882508253115
60,1,history_ridge,1569,0.2905683982693508,0.49776555003380796,0.057893639801479976,-0.19731607194685244,-4.954143049548524
60,1,indication,1569,0.09325232632249841,0.2039929713450685,0.02392434671765456,0.0,0.0
60,1,last_settled,1569,0.3048266411727215,0.5757554817352999,0.0038622052262587666,-0.21157431485022307,-6.966100025705118
60,1,one_bp_reference,1569,0.5642871255576801,1.0063437787613263,0.13060401529636712,-0.4710347992351816,-23.33673563274332
60,1,rf,1569,0.0713731667763248,0.15814604446612526,0.0068313068068501575,0.021879159546173612,0.3989836870485097
60,1,ridge,1569,0.0956334518453497,0.1711937599689885,-0.0030789449922366753,-0.0023811255228513065,0.2957198415141261
60,1,training_median,1569,0.5642871255576801,1.0063437787613263,0.13060401529636712,-0.4710347992351816,-23.33673563274332
60,2,ewma,1569,0.2840674156834848,0.5081383641125263,0.004029796375845223,-0.12304708426219736,-1.5831419370380364
60,2,history_ridge,1569,0.2905683982693508,0.49776555003380796,0.057893639801479976,-0.1295480668480634,-1.4787571061909501
60,2,indication,1569,0.16102033142128744,0.31616067490785427,0.039267367750159335,0.0,0.0
60,2,last_settled,1569,0.3048266411727215,0.5757554817352999,0.0038622052262587666,-0.14380630975143402,-2.316350796919756
60,2,one_bp_reference,1569,0.5642871255576801,1.0063437787613263,0.13060401529636712,-0.40326679413639266,-9.13157659954562
60,2,rf,1569,0.14220736143994983,0.258000372049698,0.01192457266866308,0.018812969981337618,0.3340755441793326
60,2,ridge,1569,0.16050959640665202,0.2609564084667999,0.001888573291318943,0.0005107350146354138,0.31872848136140497
60,2,training_median,1569,0.5642871255576801,1.0063437787613263,0.13060401529636712,-0.40326679413639266,-9.13157659954562
60,4,ewma,1569,0.2840674156834848,0.5081383641125263,0.004029796375845223,-0.03575855653753197,-0.09721871851198172
60,4,history_ridge,1569,0.2905683982693508,0.49776555003380796,0.057893639801479976,-0.042259539123397985,-0.052880082414632934
60,4,indication,1569,0.24830885914595285,0.4851045868585501,0.0410868068833652,0.0,0.0
60,4,last_settled,1569,0.3048266411727215,0.5757554817352999,0.0038622052262587666,-0.056517782026768645,-0.40865746452356233
60,4,one_bp_reference,1569,0.5642871255576801,1.0063437787613263,0.13060401529636712,-0.3159782664117272,-3.30350161315806
60,4,rf,1569,0.23370230272854603,0.39602170621052535,0.021855020001452778,0.0146065564174068,0.33355054224472913
60,4,ridge,1569,0.2372694369008131,0.3894577333909557,0.007148568245836154,0.011039422245139726,0.3554599598583954
60,4,training_median,1569,0.5642871255576801,1.0063437787613263,0.13060401529636712,-0.3159782664117272,-3.30350161315806
60,6,ewma,1569,0.2840674156834848,0.5081383641125263,0.004029796375845223,0.005984591964698749,0.17824620961147575
60,6,history_ridge,1569,0.2905683982693508,0.49776555003380796,0.057893639801479976,-0.000516390621167265,0.21145330101351323
60,6,indication,1569,0.29005200764818356,0.5605458312761962,0.025774633524537925,0.0,0.0
60,6,last_settled,1569,0.3048266411727215,0.5757554817352999,0.0038622052262587666,-0.014774633524537924,-0.055003520538904116
60,6,one_bp_reference,1569,0.5642871255576801,1.0063437787613263,0.13060401529636712,-0.2742351179094965,-2.2230754934182677
60,6,rf,1569,0.2751521961914971,0.5037824492630303,0.03951275756174137,0.014899811456686472,0.1922744647466227
60,6,ridge,1569,0.3038340501812078,0.48239897510212604,0.04436685759232666,-0.013782042533024253,0.259388419362495
60,6,training_median,1569,0.5642871255576801,1.0063437787613263,0.13060401529636712,-0.2742351179094965,-2.2230754934182677
65,1,ewma,1889,0.28672760261511576,0.511293440468037,-0.0002848944513335078,-0.19398276407620635,-5.270190087776913
65,1,history_ridge,1889,0.29367682664930533,0.5034057425423515,0.05494536676188516,-0.2009319881103959,-5.078222527336437
65,1,indication,1889,0.09274483853890948,0.204187836482725,0.022234939121228165,0.0,0.0
65,1,last_settled,1889,0.307062361037586,0.5745793636522217,0.00018581259925886523,-0.21431752249867655,-6.9184524475020845
65,1,one_bp_reference,1889,0.555739227104288,0.9898663899017217,0.14396876654314458,-0.46299438856537856,-22.501383085260773
65,1,rf,1889,0.07316357309995142,0.15923759627499945,0.004462299701824215,0.019581265438958058,0.39182090026994465
65,1,ridge,1889,0.09722695916625167,0.1720778252381987,-0.00787373225051914,-0.004482120627342194,0.28978460445846144
65,1,training_median,1889,0.555739227104288,0.9898663899017217,0.14396876654314458,-0.46299438856537856,-22.501383085260773
65,2,ewma,1889,0.28672760261511576,0.511293440468037,-0.0002848944513335078,-0.1258685766754652,-1.639516443382722
65,2,history_ridge,1889,0.29367682664930533,0.5034057425423515,0.05494536676188516,-0.13281780070965477,-1.5587052518103222
65,2,indication,1889,0.16085902593965062,0.3147081827185053,0.03809661196400211,0.0,0.0
65,2,last_settled,1889,0.307062361037586,0.5745793636522217,0.00018581259925886523,-0.14620333509793543,-2.3333734940620108
65,2,one_bp_reference,1889,0.555739227104288,0.9898663899017217,0.14396876654314458,-0.3948802011646374,-8.893206781195982
65,2,rf,1889,0.1442222874434005,0.2650287416187102,0.013046772854296415,0.0166367384962501,0.29079811912165254
65,2,ridge,1889,0.16182374336239314,0.26325545942840795,0.00016376137140652983,-0.0009647174227425062,0.3002567745522716
65,2,training_median,1889,0.555739227104288,0.9898663899017217,0.14396876654314458,-0.3948802011646374,-8.893206781195982
65,4,ewma,1889,0.28672760261511576,0.511293440468037,-0.0002848944513335078,-0.03986111240865737,-0.17903594300770242
65,4,history_ridge,1889,0.29367682664930533,0.5034057425423515,0.05494536676188516,-0.04681033644284693,-0.14293868750470828
65,4,indication,1889,0.24686649020645843,0.4708761552059696,0.03577511911064056,0.0,0.0
65,4,last_settled,1889,0.307062361037586,0.5745793636522217,0.00018581259925886523,-0.060195870831127596,-0.4889724103902542
65,4,one_bp_reference,1889,0.555739227104288,0.9898663899017217,0.14396876654314458,-0.3088727368978295,-3.419160341236142
65,4,rf,1889,0.23246365655993828,0.3878641535252938,0.018401269881245897,0.014402833646520154,0.3215061891624956
65,4,ridge,1889,0.2382533566503211,0.38494730025255974,0.00138083736287619,0.008613133556137315,0.33167276573449955
65,4,training_median,1889,0.555739227104288,0.9898663899017217,0.14396876654314458,-0.3088727368978295,-3.419160341236142
65,6,ewma,1889,0.28672760261511576,0.511293440468037,-0.0002848944513335078,0.001775997173131934,0.1394046981819368
65,6,history_ridge,1889,0.29367682664930533,0.5034057425423515,0.05494536676188516,-0.005173226861057616,0.16575260443418927
65,6,indication,1889,0.28850359978824774,0.5511511724966346,0.017359078877713072,0.0,0.0
65,6,last_settled,1889,0.307062361037586,0.5745793636522217,0.00018581259925886523,-0.018558761249338276,-0.0868223895276099
65,6,one_bp_reference,1889,0.555739227104288,0.9898663899017217,0.14396876654314458,-0.2672356273160402,-2.225608727369975
65,6,rf,1889,0.27528797134028354,0.49753635696709503,0.03025287144817435,0.013215628447964211,0.18509276721488188
65,6,ridge,1889,0.30393150864882046,0.47955164917318127,0.030380115181898995,-0.01542790886057271,0.2429417327228942
65,6,training_median,1889,0.555739227104288,0.9898663899017217,0.14396876654314458,-0.2672356273160402,-2.225608727369975
