horizon,model,slice_type,slice,interpretation,n,mae_bp,rmse_bp,bias_bp,gain_bp,mse_skill,gain_low_bp,gain_high_bp,p_value,sufficient_blocks
1,rf,state,flat_1bp,descriptive_unadjusted,721,0.02103821699741235,0.08296205169290553,-0.005745730720535638,-0.01003322393222511,0.15785621487039403,-0.013033049209592744,-0.0071411905202940495,0.0001999600079984003,True
1,rf,state,other,descriptive_unadjusted,1168,0.10534026980365918,0.19173016328200196,0.01076366094713368,0.0378621274566148,0.41074173322009444,0.02740128195442917,0.05136178793145595,0.0001999600079984003,True
1,ridge,state,flat_1bp,descriptive_unadjusted,721,0.06512261929825557,0.10525387898058997,-0.004584156787690327,-0.054117626233068324,-0.3555124178901994,-0.060136270050540286,-0.04814539680165024,0.0001999600079984003,True
1,ridge,state,other,descriptive_unadjusted,1168,0.11704479225257461,0.20260978809328273,-0.009904369158652332,0.02615760500769937,0.34197007485215514,0.01612789419124264,0.03876524090281289,0.0001999600079984003,True
2,rf,state,flat_1bp,descriptive_unadjusted,734,0.0458241046765195,0.12590929283178398,-0.004065039776395713,-0.01659672048033421,0.014748116492420804,-0.018411193986278704,-0.014562858296556343,0.0001999600079984003,True
2,rf,state,other,descriptive_unadjusted,1155,0.2067541196086738,0.3237330813459088,0.023921292742545782,0.03775652974197554,0.3093985686075075,0.024004170550697174,0.054610634855564215,0.0001999600079984003,True
2,ridge,state,flat_1bp,descriptive_unadjusted,734,0.09247329621582943,0.1372641555279328,-0.0023270580859227107,-0.06324591201964415,-0.17097059524163583,-0.06958556434314811,-0.05595269375195,0.0001999600079984003,True
2,ridge,state,other,descriptive_unadjusted,1155,0.20589580241484137,0.31838957489543124,0.001746671745155143,0.03861484693580798,0.3320084166631986,0.024136590783761153,0.05662454790170715,0.0001999600079984003,True
4,rf,state,flat_1bp,descriptive_unadjusted,738,0.10512803421699303,0.20462584349797328,0.010157401898878404,-0.04450472798393071,0.04136871634782646,-0.05754010498163318,-0.031066641668863984,0.0001999600079984003,True
4,rf,state,other,descriptive_unadjusted,1151,0.3141089122411664,0.469094528052894,0.02368708618966223,0.05217327715935485,0.34486401071168493,0.030887245788397175,0.07853190892784953,0.0001999600079984003,True
4,ridge,state,flat_1bp,descriptive_unadjusted,738,0.12794945915409164,0.20632873807016153,-0.0067449687461629436,-0.06732615292102932,0.025346882633798362,-0.0768891007553601,-0.05637224447908491,0.0001999600079984003,True
4,ridge,state,other,descriptive_unadjusted,1151,0.3089781840631946,0.4646519715738103,0.006590954572668449,0.057304005337326686,0.3572141731066494,0.0351028140364091,0.08490046753369991,0.0001999600079984003,True
6,rf,state,flat_1bp,descriptive_unadjusted,728,0.10946312040490128,0.28954484376255973,0.01959145632742474,-0.016020675349956198,0.09000414816856683,-0.01954648726701919,-0.012076409286419985,0.0001999600079984003,True
6,rf,state,other,descriptive_unadjusted,1161,0.37926772283120364,0.5917716564549717,0.03693806542569866,0.031548125575342374,0.1976779739026454,0.01812214348254698,0.049068223595470285,0.0001999600079984003,True
6,ridge,state,flat_1bp,descriptive_unadjusted,728,0.19541318132869798,0.31033382274431837,0.05532763369285366,-0.10197073627375294,-0.04536020719451983,-0.11816189526105861,-0.08421874219926981,0.0001999600079984003,True
6,ridge,state,other,descriptive_unadjusted,1161,0.3719774537728938,0.5601628339610468,0.014736882213789623,0.03883839463365227,0.28109918562034963,0.018577807978841527,0.06385327491933318,0.001999600079984003,True
1,rf,quarter,2023Q1,descriptive_unadjusted,249,0.07386478765631471,0.18250458145592172,-0.004913402500919894,0.002223565757339904,0.08066610907269345,-0.012294052081293957,0.014894670797844812,0.7618476304739052,True
1,rf,quarter,2023Q2,descriptive_unadjusted,247,0.07360134882396381,0.10732042089559457,0.0034845631871779593,0.011398246317736616,0.3331128929646473,0.003861516504385384,0.02235419354210404,0.021995600879824034,True
1,rf,quarter,2023Q3,descriptive_unadjusted,271,0.062190636077653516,0.08373734024717741,0.0007540845215876575,0.007494234771054971,0.3295006890736021,-0.00214571984123388,0.014494648238510727,0.09058188362327535,True
1,rf,quarter,2023Q4,descriptive_unadjusted,269,0.06597270736126198,0.12572541781427055,0.01963215668784965,0.019579708995615317,0.47260315931110775,0.0038293187514210464,0.031189833876174557,0.003799240151969606,True
1,rf,quarter,2024Q1,descriptive_unadjusted,266,0.11323979329313369,0.30832930429365996,0.008722943515344339,0.05215456760912194,0.42640901802449693,0.006588064580777492,0.1037336140167805,0.03159368126374725,True
1,rf,quarter,2024Q2,descriptive_unadjusted,268,0.0560344457282423,0.09590678152446647,0.001823219049595959,0.020291300540414416,0.5452190424663379,0.00945677664522099,0.028804256058155214,0.0001999600079984003,True
1,rf,quarter,2024Q3,descriptive_unadjusted,269,0.07077352818944901,0.09718525336258062,0.0013835465549923054,0.022673311959249872,0.4384765004551562,0.014107732821691654,0.031865244207709933,0.0001999600079984003,True
1,rf,quarter,2024Q4,descriptive_unadjusted,50,0.05713416177077873,0.07927323480021366,0.002510549883879813,0.018235838229221275,0.4201605542817831,0.00701964130857489,0.03814998997287885,0.06798640271945611,True
1,ridge,quarter,2023Q1,descriptive_unadjusted,249,0.09892264500573159,0.1886478652068049,-0.041051742242754756,-0.02283429159207697,0.017733080605914164,-0.039291349737072656,-0.011007521528340091,0.001999600079984003,True
1,ridge,quarter,2023Q2,descriptive_unadjusted,247,0.08895645442476717,0.11792849220423032,-0.04303546105111305,-0.003956859283066762,0.1947604853165108,-0.01543320350713606,0.011214039288617656,0.5998800239952009,True
1,ridge,quarter,2023Q3,descriptive_unadjusted,271,0.07595649411068262,0.0949827591213711,-0.047076728513498325,-0.00627162326197414,0.13732031010872703,-0.020900023454673688,0.00544903002703551,0.34853029394121177,True
1,ridge,quarter,2023Q4,descriptive_unadjusted,269,0.10320531861975721,0.1558191058620201,0.05809862515661084,-0.01765290226287989,0.18991094490124594,-0.04311439269774704,0.00020596338809266557,0.16916616676664667,True
1,ridge,quarter,2024Q1,descriptive_unadjusted,266,0.1461264289432891,0.32156920772849423,0.045538741741847626,0.019267931958966557,0.37609046907213584,-0.03013545993611117,0.07350523684999424,0.46370725854829037,True
1,ridge,quarter,2024Q2,descriptive_unadjusted,268,0.09194720229045493,0.12165927853808191,0.006253967362513538,-0.015621456021798201,0.2681971254635386,-0.03876195129454899,0.004222966016562396,0.15276944611077783,True
1,ridge,quarter,2024Q3,descriptive_unadjusted,269,0.07962135568035872,0.10125558402618041,-0.03381603577496197,0.013825484468340154,0.3904558612909824,0.003035983495120117,0.02661400465444388,0.02539492101579684,True
1,ridge,quarter,2024Q4,descriptive_unadjusted,50,0.07563354824443508,0.0928816674222485,-0.0317085839230078,-0.00026354824443506204,0.20399718676878242,-0.017158751933751916,0.028451190423752104,0.9896020795840832,True
2,rf,quarter,2023Q1,descriptive_unadjusted,249,0.1321038025113034,0.2747195036303067,-0.015421797342122437,-0.002940750302468077,-0.11248299427905595,-0.021553596206389514,0.011943701653526314,0.7496500699860028,True
2,rf,quarter,2023Q2,descriptive_unadjusted,247,0.14708248769608867,0.20536840910011928,0.03914550291895144,0.011823990036704863,0.15453600195157957,0.004908618559324005,0.019962342546793407,0.0015996800639872025,True
2,rf,quarter,2023Q3,descriptive_unadjusted,271,0.12335606560034623,0.18121055288336624,0.006589469073638276,0.005618842148731279,0.13661137679816715,-0.001977323732076632,0.012495823683899817,0.13557288542291543,True
2,rf,quarter,2023Q4,descriptive_unadjusted,269,0.13551569940789937,0.24281973271182275,0.016407035822404565,0.018657906540056005,0.32633096369624437,-0.005878326440034535,0.040555154784221566,0.15096980603879223,True
2,rf,quarter,2024Q1,descriptive_unadjusted,266,0.2097439162344115,0.4542366558719261,0.00891603557913247,0.05695833940468623,0.4025214302887701,-0.0013719910004136257,0.11492452490061933,0.05698860227954409,True
2,rf,quarter,2024Q2,descriptive_unadjusted,268,0.12473088356192509,0.207740647179299,0.022373373283270347,0.010008668676880866,0.30169368970119426,-0.0007349248179290737,0.0203616224593159,0.0661867626474705,True
2,rf,quarter,2024Q3,descriptive_unadjusted,269,0.14260498856566514,0.20178977404265583,0.0168604414309106,0.016195754928758632,0.21165477762137608,0.007606260908894796,0.02654263552827499,0.001799640071985603,True
2,rf,quarter,2024Q4,descriptive_unadjusted,50,0.11497924677606053,0.1619386266712345,-0.005719695301800588,0.010138753223939463,0.23238359181915902,0.002856354948524298,0.025799781635657708,0.17276544691061788,True
2,ridge,quarter,2023Q1,descriptive_unadjusted,249,0.1520936274293254,0.25698724914708504,-0.051939727412105785,-0.02293057522049005,0.026496435701251597,-0.04756680584272066,-0.001130660170490911,0.0613877224555089,True
2,ridge,quarter,2023Q2,descriptive_unadjusted,247,0.1481948936603498,0.19637003889080054,-0.029163546112314517,0.010711584072443736,0.22700213643818268,-0.008318843138129204,0.029669998902888663,0.27694461107778445,True
2,ridge,quarter,2023Q3,descriptive_unadjusted,271,0.13774693676952307,0.18512491421362542,-0.04340941640802868,-0.008772029020445583,0.0989080883573521,-0.0295281956072829,0.01099699634552679,0.40631873625274945,True
2,ridge,quarter,2023Q4,descriptive_unadjusted,269,0.16867609945048564,0.2506485110025187,0.06539035952035803,-0.014502493502530224,0.2821910137085015,-0.048587047986318306,0.010174897860207649,0.4385122975404919,True
2,ridge,quarter,2024Q1,descriptive_unadjusted,266,0.23718971813685336,0.45190092003439414,0.0432018431591169,0.029512537502244387,0.40865023582085624,-0.04227983939218086,0.09982159996967722,0.4375124975004999,True
2,ridge,quarter,2024Q2,descriptive_unadjusted,268,0.14513185206531373,0.2154790131887818,0.03491698539984761,-0.010392299826507741,0.24870073833832818,-0.03199290919017341,0.012282518525479147,0.36572685462907417,True
2,ridge,quarter,2024Q3,descriptive_unadjusted,269,0.1478688707257424,0.1974445096256204,-0.016914438689630395,0.010931872768681402,0.24524107815395457,-0.009021857070132472,0.03371903798347359,0.3259348130373925,True
2,ridge,quarter,2024Q4,descriptive_unadjusted,50,0.1348356205539804,0.1735670565222073,-0.03359559956862513,-0.009717620553980377,0.11818406508667134,-0.0322520013851338,0.027326553335819175,0.6862627474505099,True
4,rf,quarter,2023Q1,descriptive_unadjusted,249,0.21605074216517253,0.40222959132302466,-0.03076470071317027,0.007145643376996131,0.26413695527042746,-0.010760915015040829,0.025077510266431575,0.4513097380523895,True
4,rf,quarter,2023Q2,descriptive_unadjusted,247,0.21050542426260935,0.2894981601009986,-0.015594688097585073,0.005642753875042479,0.1942204775100126,-0.01483490274603181,0.032330794963355516,0.6574685062987402,True
4,rf,quarter,2023Q3,descriptive_unadjusted,271,0.1940277148886076,0.27358814853728786,-0.0037437142079272782,0.00994276481618945,0.16123919843552548,-0.016708184791484282,0.03175082913720461,0.4363127374525095,True
4,rf,quarter,2023Q4,descriptive_unadjusted,269,0.23687282853630828,0.3999172614754443,0.0909818940270981,-0.010095133369022085,0.17688852797888466,-0.06327922458965567,0.02214712906265602,0.6726654669066187,True
4,rf,quarter,2024Q1,descriptive_unadjusted,266,0.3344984029927932,0.6333391870724215,0.05274776422688602,0.07347565715758275,0.44482703754246866,-0.01848869141714262,0.16994326733062248,0.132373525294941,True
4,rf,quarter,2024Q2,descriptive_unadjusted,268,0.20573633830144586,0.3067713944493393,0.04870661755188237,-0.005004621883535424,0.23678180892260925,-0.035649580190692406,0.029470959860808516,0.7634473105378924,True
4,rf,quarter,2024Q3,descriptive_unadjusted,269,0.23060994037271873,0.29922029317282706,-0.007947280755937475,0.023758461114270147,0.2604099121246788,-0.0019230822484966922,0.052488247707885995,0.08798240351929613,True
4,rf,quarter,2024Q4,descriptive_unadjusted,50,0.21768166435039102,0.27866205002655564,-0.042674919289873305,-0.010785664350391046,0.06473267150332429,-0.029218852699155685,0.016843276670384988,0.4641071785642871,True
4,ridge,quarter,2023Q1,descriptive_unadjusted,249,0.24452075164796602,0.4459765851695244,-0.05185504959798427,-0.02132436610579736,0.09536565230619176,-0.04585572899977129,0.0037220196149721934,0.09818036392721456,True
4,ridge,quarter,2023Q2,descriptive_unadjusted,247,0.22440173975532107,0.3053070463881615,-0.012834061506422018,-0.00825356161766922,0.10381377117764867,-0.02781118333505298,0.01618225051305603,0.47790441911617676,True
4,ridge,quarter,2023Q3,descriptive_unadjusted,271,0.19696588202644488,0.2711962681386594,-0.018377756205251127,0.007004597678352173,0.17584104233450393,-0.015338906340021207,0.02960636657337274,0.5558888222355529,True
4,ridge,quarter,2023Q4,descriptive_unadjusted,269,0.23540243291963744,0.3758196395610131,0.046680921544600386,-0.008624737752351225,0.2730955987947329,-0.05638768708973911,0.02617290401569568,0.7204559088182364,True
4,ridge,quarter,2024Q1,descriptive_unadjusted,266,0.335471460554814,0.6058458638447444,0.03140724059799251,0.07250259959556193,0.4919810865251174,-0.02686208627833386,0.17771262621902562,0.1731653669266147,True
4,ridge,quarter,2024Q2,descriptive_unadjusted,268,0.21254160667104546,0.3036491737765906,0.03824780038961059,-0.011809890253135042,0.25223832983969074,-0.041554637282748885,0.026309915007968816,0.5002999400119976,True
4,ridge,quarter,2024Q3,descriptive_unadjusted,269,0.22646149176918257,0.29774773988700487,-0.021756707702184578,0.02790690971780627,0.2676714914962006,0.010426067805823946,0.05181131470867556,0.011397720455908818,True
4,ridge,quarter,2024Q4,descriptive_unadjusted,50,0.1986396993333779,0.2550968022765037,-0.03277311550021988,0.008256300666622063,0.21622729105198535,-0.010342555963840497,0.05964510610884086,0.7868426314737053,True
6,rf,quarter,2023Q1,descriptive_unadjusted,249,0.24431805530048126,0.4658778904788995,-0.0205815542460017,0.005506844297912312,0.11664432198028718,-0.006275684127879798,0.016715388477895013,0.3639272145570886,True
6,rf,quarter,2023Q2,descriptive_unadjusted,247,0.23407611813176374,0.3357863239704841,0.00428718225815184,0.008619428426940693,0.12357308685728352,0.0013900980123804053,0.016824372001738832,0.028194361127774445,True
6,rf,quarter,2023Q3,descriptive_unadjusted,271,0.23967187607986196,0.3311404463969083,0.022245676946311323,0.009229230931208162,0.12874246664700384,-0.0002270550507219029,0.021779843288572128,0.11597680463907219,True
6,rf,quarter,2023Q4,descriptive_unadjusted,269,0.24666104130926758,0.4504938970887098,0.027512907218563108,-0.004245799673579879,0.0812047339226214,-0.025040708828744276,0.012291778211756584,0.6852629474105179,True
6,rf,quarter,2024Q1,descriptive_unadjusted,266,0.44442960117368274,0.8999277204874538,0.08611514978746357,0.04536325596917447,0.23605744136555284,-0.012774603688963226,0.11948070243486353,0.16356728654269145,True
6,rf,quarter,2024Q2,descriptive_unadjusted,268,0.23399043134765743,0.39428401260295165,0.037431983760728316,0.004829344771745556,0.21457857321442353,-0.006268757143098059,0.012192266999076383,0.3669266146770646,True
6,rf,quarter,2024Q3,descriptive_unadjusted,269,0.2852490090857971,0.3788068153962654,0.05302572644186427,0.02240266377665642,0.15404052574423688,0.006218862709802611,0.040883039398771255,0.01199760047990402,True
6,rf,quarter,2024Q4,descriptive_unadjusted,50,0.2480877885228669,0.33814835710172725,0.011633495132928854,0.01435821147713312,0.14287442364022307,0.009312455380155836,0.031523495490843906,0.07678464307138572,True
6,ridge,quarter,2023Q1,descriptive_unadjusted,249,0.2943941579602417,0.45302682665276106,-0.034575715731832025,-0.04456925836184815,0.16470622534137047,-0.08528154361604935,-0.013825804761898616,0.01839632073585283,True
6,ridge,quarter,2023Q2,descriptive_unadjusted,247,0.24583742005628925,0.33727386992112,-0.009107764211541315,-0.003141873497584798,0.11579067888955585,-0.02166834517414606,0.014731280204374773,0.7318536292741452,True
6,ridge,quarter,2023Q3,descriptive_unadjusted,271,0.24820432368453,0.33130711551047975,-0.014429371886437264,0.0006967833265401437,0.12786520585793548,-0.02153572388474546,0.032464488074183284,0.9584083183363328,True
6,ridge,quarter,2023Q4,descriptive_unadjusted,269,0.29919778369247424,0.43319977522053565,0.08158819650847252,-0.05678254205678644,0.15039439215549322,-0.11382783282160165,-0.013835658334315167,0.03139372125574885,True
6,ridge,quarter,2024Q1,descriptive_unadjusted,266,0.4574352960923915,0.827297301463081,0.10628753960986254,0.03235756105046567,0.3543923599549984,-0.06842773602435867,0.14350896832647916,0.5566886622675465,True
6,ridge,quarter,2024Q2,descriptive_unadjusted,268,0.2911195083018288,0.41732297692038123,0.0884102744276297,-0.05229973218242585,0.1201087418385115,-0.08348280695477514,-0.015918372380811757,0.0015996800639872025,True
6,ridge,quarter,2024Q3,descriptive_unadjusted,269,0.2945988012018337,0.385538571621974,-0.0032941642530183446,0.013052871660619879,0.12370636247781197,-0.01195460161142122,0.04783094149147865,0.4297140571885623,True
6,ridge,quarter,2024Q4,descriptive_unadjusted,50,0.26816323422151056,0.3541430384642375,-0.017403308444735543,-0.005717234221510548,0.059871303596744974,-0.027845276817015537,0.04559150770227079,0.8332333533293341,True
