source_row_id,reason
3360,missing_time_event_or_rate
3385,missing_time_event_or_rate
3482,missing_time_event_or_rate
3651,missing_time_event_or_rate
3844,missing_time_event_or_rate
4037,missing_time_event_or_rate
4278,missing_time_event_or_rate
4519,missing_time_event_or_rate
5024,missing_time_event_or_rate
5145,missing_time_event_or_rate
5170,missing_time_event_or_rate
5195,missing_time_event_or_rate
5316,missing_time_event_or_rate
5677,missing_time_event_or_rate
7862,missing_time_event_or_rate
7887,missing_time_event_or_rate
8584,missing_time_event_or_rate
8705,missing_time_event_or_rate
9090,missing_time_event_or_rate
9619,missing_time_event_or_rate
9644,missing_time_event_or_rate
9765,missing_time_event_or_rate
9838,missing_time_event_or_rate
9887,missing_time_event_or_rate
9984,missing_time_event_or_rate
10081,missing_time_event_or_rate
11258,missing_time_event_or_rate
11283,missing_time_event_or_rate
11356,missing_time_event_or_rate
11717,missing_time_event_or_rate
11790,missing_time_event_or_rate
12141,missing_time_event_or_rate
12151,missing_time_event_or_rate
12392,missing_time_event_or_rate
12465,missing_time_event_or_rate
12946,missing_time_event_or_rate
13331,missing_time_event_or_rate
13668,missing_time_event_or_rate
13981,missing_time_event_or_rate
14006,missing_time_event_or_rate
14055,missing_time_event_or_rate
14080,missing_time_event_or_rate
14249,missing_time_event_or_rate
14274,missing_time_event_or_rate
14299,missing_time_event_or_rate
14420,missing_time_event_or_rate
14517,missing_time_event_or_rate
14662,missing_time_event_or_rate
14687,missing_time_event_or_rate
14832,missing_time_event_or_rate
15265,missing_time_event_or_rate
15338,missing_time_event_or_rate
15651,missing_time_event_or_rate
15796,missing_time_event_or_rate
15965,missing_time_event_or_rate
16014,missing_time_event_or_rate
16399,missing_time_event_or_rate
16520,missing_time_event_or_rate
16569,missing_time_event_or_rate
16738,missing_time_event_or_rate
16979,missing_time_event_or_rate
17148,missing_time_event_or_rate
17293,missing_time_event_or_rate
17702,missing_time_event_or_rate
17799,missing_time_event_or_rate
17944,missing_time_event_or_rate
18017,missing_time_event_or_rate
18138,missing_time_event_or_rate
18163,missing_time_event_or_rate
18620,missing_time_event_or_rate
18669,missing_time_event_or_rate
18718,missing_time_event_or_rate
18743,missing_time_event_or_rate
18936,missing_time_event_or_rate
19153,missing_time_event_or_rate
19274,missing_time_event_or_rate
19299,missing_time_event_or_rate
19444,missing_time_event_or_rate
19493,missing_time_event_or_rate
19686,missing_time_event_or_rate
19831,missing_time_event_or_rate
20624,missing_time_event_or_rate
20745,missing_time_event_or_rate
20794,missing_time_event_or_rate
21059,missing_time_event_or_rate
21204,missing_time_event_or_rate
21397,missing_time_event_or_rate
21614,missing_time_event_or_rate
21999,missing_time_event_or_rate
22168,missing_time_event_or_rate
22193,missing_time_event_or_rate
22698,missing_time_event_or_rate
23299,missing_time_event_or_rate
23324,missing_time_event_or_rate
23445,missing_time_event_or_rate
23638,missing_time_event_or_rate
23855,missing_time_event_or_rate
24096,missing_time_event_or_rate
24505,missing_time_event_or_rate
24530,missing_time_event_or_rate
24627,missing_time_event_or_rate
24796,missing_time_event_or_rate
24845,missing_time_event_or_rate
25110,missing_time_event_or_rate
25279,missing_time_event_or_rate
25376,missing_time_event_or_rate
25857,missing_time_event_or_rate
25906,missing_time_event_or_rate
26291,missing_time_event_or_rate
26532,missing_time_event_or_rate
26773,missing_time_event_or_rate
26942,missing_time_event_or_rate
26967,missing_time_event_or_rate
27160,missing_time_event_or_rate
27329,missing_time_event_or_rate
27594,missing_time_event_or_rate
27739,missing_time_event_or_rate
27908,missing_time_event_or_rate
27957,missing_time_event_or_rate
27982,missing_time_event_or_rate
28007,missing_time_event_or_rate
28248,missing_time_event_or_rate
29689,missing_time_event_or_rate
29738,missing_time_event_or_rate
29955,missing_time_event_or_rate
30460,missing_time_event_or_rate
30605,missing_time_event_or_rate
31374,missing_time_event_or_rate
31831,missing_time_event_or_rate
33176,missing_time_event_or_rate
38337,missing_time_event_or_rate
39514,missing_time_event_or_rate
