horizon,model,comparison,estimate_bp,n,gain_low_bp,gain_high_bp,p_value,sufficient_blocks,p_holm_secondary
1,ridge,main_error_minus_indication_error,0.0008961318014315293,1889,-0.006370578619678346,0.007557460878127632,0.8086382723455309,True,1.0
1,ridge,main_error_minus_history_error,0.01968409280014923,1889,0.015312377136585021,0.02440610977901026,0.0001999600079984003,True,0.013797240551889621
1,ridge,main_error_minus_delay_60m_error,-0.06459678419614144,1889,-0.07492560690269029,-0.055319541405992004,0.0001999600079984003,True,0.013797240551889621
1,ridge,proxy_gain_minus_settlement_gain,-0.0021136083902369373,1889,-0.0031205137277247924,-0.001248957749479919,0.0001999600079984003,True,0.013797240551889621
1,ridge,horizon_gain_minus_primary_gain,-0.013095254183479507,1889,-0.026049595753302877,-0.002514267103440343,0.033193361327734455,True,1.0
1,rf,main_error_minus_indication_error,-0.022953659016850824,1889,-0.029981792741667998,-0.017170669214701558,0.0001999600079984003,True,0.013797240551889621
1,rf,main_error_minus_history_error,-0.0014035402603658543,1889,-0.0031707533931402652,0.0004289281339900019,0.1305738852229554,True,1.0
1,rf,main_error_minus_delay_60m_error,-0.06321931452635676,1889,-0.07439762935816926,-0.053360291588887075,0.0001999600079984003,True,0.013797240551889621
1,rf,proxy_gain_minus_settlement_gain,-0.0015371085001746488,1889,-0.002370789846650876,-0.0008942420401745955,0.0005998800239952009,True,0.029994001199760045
1,rf,horizon_gain_minus_primary_gain,0.005178431792437911,1889,-0.007530831547019635,0.017134571994113845,0.41631673665266944,True,1.0
2,ridge,main_error_minus_indication_error,-0.00011669209426162788,1889,-0.009503298399783587,0.008063378910387173,0.98000399920016,True,1.0
2,ridge,main_error_minus_history_error,0.02239799283902776,1889,0.0163006086100357,0.0283020193460969,0.0001999600079984003,True,0.013797240551889621
2,ridge,main_error_minus_delay_60m_error,-0.049063101808608026,1889,-0.05961669920302518,-0.039714136313159974,0.0001999600079984003,True,0.013797240551889621
2,ridge,proxy_gain_minus_settlement_gain,-0.00083976769286202,1889,-0.0015189398512799497,-0.00025390452215542225,0.010597880423915218,True,0.4557088582283544
2,ridge,horizon_gain_minus_primary_gain,-0.009577850978879822,1889,-0.020249546860718042,-0.00039563511943617696,0.0595880823835233,True,1.0
2,rf,main_error_minus_indication_error,-0.014531262160132037,1889,-0.021342097803543528,-0.008506655564483878,0.0003999200159968006,True,0.020795840831833633
2,rf,main_error_minus_history_error,0.0005263964474906492,1889,-0.0004252967542621312,0.0014591144376562269,0.26974605078984204,True,1.0
2,rf,main_error_minus_delay_60m_error,-0.05291749294769694,1889,-0.06252510095305143,-0.04404440799081852,0.0001999600079984003,True,0.013797240551889621
2,rf,proxy_gain_minus_settlement_gain,-0.00014938619776498513,1889,-0.0004489870516956314,0.00010382621962960734,0.29354129174165167,True,1.0
2,rf,horizon_gain_minus_primary_gain,0.0022339048497299545,1889,-0.009890363303452715,0.013156245804863968,0.7036592681463707,True,1.0
4,ridge,main_error_minus_indication_error,-0.006192666205261511,1889,-0.01959214775784485,0.0054789108333999,0.32633473305338934,True,1.0
4,ridge,main_error_minus_history_error,0.009248868030892464,1889,0.0041214895503622374,0.014368305348118577,0.0009998000399920016,True,0.04899020195960808
4,ridge,main_error_minus_delay_60m_error,-0.040588218541237946,1889,-0.05215309571369608,-0.03042116994804879,0.0001999600079984003,True,0.013797240551889621
4,ridge,proxy_gain_minus_settlement_gain,-0.0005138190228226309,1889,-0.0011676594948758026,-1.1607029010217425e-06,0.08318336332733453,True,1.0
4,rf,main_error_minus_indication_error,-0.027191174521323604,1889,-0.03904468192692284,-0.01732114575620344,0.0001999600079984003,True,0.013797240551889621
4,rf,main_error_minus_history_error,0.0005681621707886862,1889,-0.004778674125852849,0.006226314130176923,0.8374325134973005,True,1.0
4,rf,main_error_minus_delay_60m_error,-0.031654354133623316,1889,-0.04175844546303465,-0.02226338813059322,0.0001999600079984003,True,0.013797240551889621
4,rf,proxy_gain_minus_settlement_gain,-0.00040328892819960064,1889,-0.0009680160937314938,9.390774479261894e-05,0.14037192561487702,True,1.0
6,ridge,main_error_minus_indication_error,0.0020822979609102835,1889,-0.013029964040027119,0.016610145206480003,0.7832433513297341,True,1.0
6,ridge,main_error_minus_history_error,0.031110955640643517,1889,0.022160827535812118,0.04040588575858025,0.0001999600079984003,True,0.013797240551889621
6,ridge,main_error_minus_delay_60m_error,-0.02119875167975853,1889,-0.03031895843342737,-0.012443441140719887,0.0001999600079984003,True,0.013797240551889621
6,ridge,proxy_gain_minus_settlement_gain,-0.0002615614490012236,1889,-0.000837823912937407,0.0002515305824828115,0.3489302139572086,True,1.0
6,ridge,horizon_gain_minus_primary_gain,-0.024041042416710023,1889,-0.034494003883599064,-0.014109060228674919,0.0001999600079984003,True,0.013797240551889621
6,rf,main_error_minus_indication_error,-0.006086967121257125,1889,-0.01213275614213619,-0.0010505829060961035,0.03179364127174565,True,1.0
6,rf,main_error_minus_history_error,0.00013505559240020024,1889,-0.0015765153453200743,0.0018919694359276474,0.8774245150969806,True,1.0
6,rf,main_error_minus_delay_60m_error,-0.0123471202836617,1889,-0.020189673257038115,-0.005150442257262761,0.001999600079984003,True,0.09398120375924815
6,rf,proxy_gain_minus_settlement_gain,-1.8829083760392714e-05,1889,-0.00038129112121301783,0.0003522007429289136,0.9148170365926814,True,1.0
6,rf,horizon_gain_minus_primary_gain,-0.0011872051985559386,1889,-0.011780559640643994,0.008320402565233769,0.8188362327534493,True,1.0
