variant,horizon,fit_time,train_n,test_n,max_train_label_available_at,min_test_origin
indication,1,2023-01-01 00:00:00+00:00,3279,92,2022-12-31 16:05:00+00:00,2023-01-01 07:00:00+00:00
indication,1,2023-02-01 00:00:00+00:00,3372,83,2023-01-31 16:05:00.007000+00:00,2023-02-01 07:00:00+00:00
indication,1,2023-03-01 00:00:00+00:00,3456,92,2023-02-28 16:05:00.005000+00:00,2023-03-01 07:00:00+00:00
indication,1,2023-04-01 00:00:00+00:00,3549,89,2023-03-31 16:05:00.011000+00:00,2023-04-01 07:00:00+00:00
indication,1,2023-05-01 00:00:00+00:00,3639,92,2023-04-30 16:05:00.010000+00:00,2023-05-01 07:00:00+00:00
indication,1,2023-06-01 00:00:00+00:00,3732,89,2023-05-31 16:05:00+00:00,2023-06-01 07:00:00+00:00
indication,1,2023-07-01 00:00:00+00:00,3822,92,2023-06-30 16:05:00.001000+00:00,2023-07-01 07:00:00+00:00
indication,1,2023-08-01 00:00:00+00:00,3915,92,2023-07-31 16:05:00.001000+00:00,2023-08-01 07:00:00+00:00
indication,1,2023-09-01 00:00:00+00:00,4008,89,2023-08-31 16:05:00+00:00,2023-09-01 07:00:00+00:00
indication,1,2023-10-01 00:00:00+00:00,4098,92,2023-09-30 16:05:00+00:00,2023-10-01 07:00:00+00:00
indication,1,2023-11-01 00:00:00+00:00,4191,89,2023-10-31 16:05:00+00:00,2023-11-01 07:00:00+00:00
indication,1,2023-12-01 00:00:00+00:00,4281,92,2023-11-30 16:05:00+00:00,2023-12-01 07:00:00+00:00
indication,1,2024-01-01 00:00:00+00:00,4374,92,2023-12-31 16:05:00+00:00,2024-01-01 07:00:00+00:00
indication,1,2024-02-01 00:00:00+00:00,4467,86,2024-01-31 16:05:00+00:00,2024-02-01 07:00:00+00:00
indication,1,2024-03-01 00:00:00+00:00,4554,92,2024-02-29 16:05:00+00:00,2024-03-01 07:00:00+00:00
indication,1,2024-04-01 00:00:00+00:00,4647,89,2024-03-31 16:05:00.001000+00:00,2024-04-01 07:00:00+00:00
indication,1,2024-05-01 00:00:00+00:00,4737,92,2024-04-30 16:05:00+00:00,2024-05-01 07:00:00+00:00
indication,1,2024-06-01 00:00:00+00:00,4830,89,2024-05-31 16:05:00+00:00,2024-06-01 07:00:00+00:00
indication,1,2024-07-01 00:00:00+00:00,4920,92,2024-06-30 16:05:00+00:00,2024-07-01 07:00:00+00:00
indication,1,2024-08-01 00:00:00+00:00,5013,92,2024-07-31 16:05:00+00:00,2024-08-01 07:00:00+00:00
indication,1,2024-09-01 00:00:00+00:00,5106,89,2024-08-31 16:05:00+00:00,2024-09-01 07:00:00+00:00
indication,1,2024-10-01 00:00:00+00:00,5196,51,2024-09-30 16:05:00+00:00,2024-10-01 07:00:00+00:00
indication,2,2023-01-01 00:00:00+00:00,3279,92,2022-12-31 16:05:00+00:00,2023-01-01 06:00:00+00:00
indication,2,2023-02-01 00:00:00+00:00,3372,83,2023-01-31 16:05:00.007000+00:00,2023-02-01 06:00:00+00:00
indication,2,2023-03-01 00:00:00+00:00,3456,92,2023-02-28 16:05:00.005000+00:00,2023-03-01 06:00:00+00:00
indication,2,2023-04-01 00:00:00+00:00,3549,89,2023-03-31 16:05:00.011000+00:00,2023-04-01 06:00:00+00:00
indication,2,2023-05-01 00:00:00+00:00,3639,92,2023-04-30 16:05:00.010000+00:00,2023-05-01 06:00:00+00:00
indication,2,2023-06-01 00:00:00+00:00,3732,89,2023-05-31 16:05:00+00:00,2023-06-01 06:00:00+00:00
indication,2,2023-07-01 00:00:00+00:00,3822,92,2023-06-30 16:05:00.001000+00:00,2023-07-01 06:00:00+00:00
indication,2,2023-08-01 00:00:00+00:00,3915,92,2023-07-31 16:05:00.001000+00:00,2023-08-01 06:00:00+00:00
indication,2,2023-09-01 00:00:00+00:00,4008,89,2023-08-31 16:05:00+00:00,2023-09-01 06:00:00+00:00
indication,2,2023-10-01 00:00:00+00:00,4098,92,2023-09-30 16:05:00+00:00,2023-10-01 06:00:00+00:00
indication,2,2023-11-01 00:00:00+00:00,4191,89,2023-10-31 16:05:00+00:00,2023-11-01 06:00:00+00:00
indication,2,2023-12-01 00:00:00+00:00,4281,92,2023-11-30 16:05:00+00:00,2023-12-01 06:00:00+00:00
indication,2,2024-01-01 00:00:00+00:00,4374,92,2023-12-31 16:05:00+00:00,2024-01-01 06:00:00+00:00
indication,2,2024-02-01 00:00:00+00:00,4467,86,2024-01-31 16:05:00+00:00,2024-02-01 06:00:00+00:00
indication,2,2024-03-01 00:00:00+00:00,4554,92,2024-02-29 16:05:00+00:00,2024-03-01 06:00:00+00:00
indication,2,2024-04-01 00:00:00+00:00,4647,89,2024-03-31 16:05:00.001000+00:00,2024-04-01 06:00:00+00:00
indication,2,2024-05-01 00:00:00+00:00,4737,92,2024-04-30 16:05:00+00:00,2024-05-01 06:00:00+00:00
indication,2,2024-06-01 00:00:00+00:00,4830,89,2024-05-31 16:05:00+00:00,2024-06-01 06:00:00+00:00
indication,2,2024-07-01 00:00:00+00:00,4920,92,2024-06-30 16:05:00+00:00,2024-07-01 06:00:00+00:00
indication,2,2024-08-01 00:00:00+00:00,5013,92,2024-07-31 16:05:00+00:00,2024-08-01 06:00:00+00:00
indication,2,2024-09-01 00:00:00+00:00,5106,89,2024-08-31 16:05:00+00:00,2024-09-01 06:00:00+00:00
indication,2,2024-10-01 00:00:00+00:00,5196,51,2024-09-30 16:05:00+00:00,2024-10-01 06:00:00+00:00
indication,4,2023-01-01 00:00:00+00:00,3279,92,2022-12-31 16:05:00+00:00,2023-01-01 04:00:00+00:00
indication,4,2023-02-01 00:00:00+00:00,3372,83,2023-01-31 16:05:00.007000+00:00,2023-02-01 04:00:00+00:00
indication,4,2023-03-01 00:00:00+00:00,3456,92,2023-02-28 16:05:00.005000+00:00,2023-03-01 04:00:00+00:00
indication,4,2023-04-01 00:00:00+00:00,3549,89,2023-03-31 16:05:00.011000+00:00,2023-04-01 04:00:00+00:00
indication,4,2023-05-01 00:00:00+00:00,3639,92,2023-04-30 16:05:00.010000+00:00,2023-05-01 04:00:00+00:00
indication,4,2023-06-01 00:00:00+00:00,3732,89,2023-05-31 16:05:00+00:00,2023-06-01 04:00:00+00:00
indication,4,2023-07-01 00:00:00+00:00,3822,92,2023-06-30 16:05:00.001000+00:00,2023-07-01 04:00:00+00:00
indication,4,2023-08-01 00:00:00+00:00,3915,92,2023-07-31 16:05:00.001000+00:00,2023-08-01 04:00:00+00:00
indication,4,2023-09-01 00:00:00+00:00,4008,89,2023-08-31 16:05:00+00:00,2023-09-01 04:00:00+00:00
indication,4,2023-10-01 00:00:00+00:00,4098,92,2023-09-30 16:05:00+00:00,2023-10-01 04:00:00+00:00
indication,4,2023-11-01 00:00:00+00:00,4191,89,2023-10-31 16:05:00+00:00,2023-11-01 04:00:00+00:00
indication,4,2023-12-01 00:00:00+00:00,4281,92,2023-11-30 16:05:00+00:00,2023-12-01 04:00:00+00:00
indication,4,2024-01-01 00:00:00+00:00,4374,92,2023-12-31 16:05:00+00:00,2024-01-01 04:00:00+00:00
indication,4,2024-02-01 00:00:00+00:00,4467,86,2024-01-31 16:05:00+00:00,2024-02-01 04:00:00+00:00
indication,4,2024-03-01 00:00:00+00:00,4554,92,2024-02-29 16:05:00+00:00,2024-03-01 04:00:00+00:00
indication,4,2024-04-01 00:00:00+00:00,4647,89,2024-03-31 16:05:00.001000+00:00,2024-04-01 04:00:00+00:00
indication,4,2024-05-01 00:00:00+00:00,4737,92,2024-04-30 16:05:00+00:00,2024-05-01 04:00:00+00:00
indication,4,2024-06-01 00:00:00+00:00,4830,89,2024-05-31 16:05:00+00:00,2024-06-01 04:00:00+00:00
indication,4,2024-07-01 00:00:00+00:00,4920,92,2024-06-30 16:05:00+00:00,2024-07-01 04:00:00+00:00
indication,4,2024-08-01 00:00:00+00:00,5013,92,2024-07-31 16:05:00+00:00,2024-08-01 04:00:00+00:00
indication,4,2024-09-01 00:00:00+00:00,5106,89,2024-08-31 16:05:00+00:00,2024-09-01 04:00:00+00:00
indication,4,2024-10-01 00:00:00+00:00,5196,51,2024-09-30 16:05:00+00:00,2024-10-01 04:00:00+00:00
indication,6,2023-01-01 00:00:00+00:00,3279,92,2022-12-31 16:05:00+00:00,2023-01-01 02:00:00+00:00
indication,6,2023-02-01 00:00:00+00:00,3372,83,2023-01-31 16:05:00.007000+00:00,2023-02-01 02:00:00+00:00
indication,6,2023-03-01 00:00:00+00:00,3456,92,2023-02-28 16:05:00.005000+00:00,2023-03-01 02:00:00+00:00
indication,6,2023-04-01 00:00:00+00:00,3549,89,2023-03-31 16:05:00.011000+00:00,2023-04-01 02:00:00+00:00
indication,6,2023-05-01 00:00:00+00:00,3639,92,2023-04-30 16:05:00.010000+00:00,2023-05-01 02:00:00+00:00
indication,6,2023-06-01 00:00:00+00:00,3732,89,2023-05-31 16:05:00+00:00,2023-06-01 02:00:00+00:00
indication,6,2023-07-01 00:00:00+00:00,3822,92,2023-06-30 16:05:00.001000+00:00,2023-07-01 02:00:00+00:00
indication,6,2023-08-01 00:00:00+00:00,3915,92,2023-07-31 16:05:00.001000+00:00,2023-08-01 02:00:00+00:00
indication,6,2023-09-01 00:00:00+00:00,4008,89,2023-08-31 16:05:00+00:00,2023-09-01 02:00:00+00:00
indication,6,2023-10-01 00:00:00+00:00,4098,92,2023-09-30 16:05:00+00:00,2023-10-01 02:00:00+00:00
indication,6,2023-11-01 00:00:00+00:00,4191,89,2023-10-31 16:05:00+00:00,2023-11-01 02:00:00+00:00
indication,6,2023-12-01 00:00:00+00:00,4281,92,2023-11-30 16:05:00+00:00,2023-12-01 02:00:00+00:00
indication,6,2024-01-01 00:00:00+00:00,4374,92,2023-12-31 16:05:00+00:00,2024-01-01 02:00:00+00:00
indication,6,2024-02-01 00:00:00+00:00,4467,86,2024-01-31 16:05:00+00:00,2024-02-01 02:00:00+00:00
indication,6,2024-03-01 00:00:00+00:00,4554,92,2024-02-29 16:05:00+00:00,2024-03-01 02:00:00+00:00
indication,6,2024-04-01 00:00:00+00:00,4647,89,2024-03-31 16:05:00.001000+00:00,2024-04-01 02:00:00+00:00
indication,6,2024-05-01 00:00:00+00:00,4737,92,2024-04-30 16:05:00+00:00,2024-05-01 02:00:00+00:00
indication,6,2024-06-01 00:00:00+00:00,4830,89,2024-05-31 16:05:00+00:00,2024-06-01 02:00:00+00:00
indication,6,2024-07-01 00:00:00+00:00,4920,92,2024-06-30 16:05:00+00:00,2024-07-01 02:00:00+00:00
indication,6,2024-08-01 00:00:00+00:00,5013,92,2024-07-31 16:05:00+00:00,2024-08-01 02:00:00+00:00
indication,6,2024-09-01 00:00:00+00:00,5106,89,2024-08-31 16:05:00+00:00,2024-09-01 02:00:00+00:00
indication,6,2024-10-01 00:00:00+00:00,5196,51,2024-09-30 16:05:00+00:00,2024-10-01 02:00:00+00:00
history,1,2023-01-01 00:00:00+00:00,3279,92,2022-12-31 16:05:00+00:00,2023-01-01 07:00:00+00:00
history,1,2023-02-01 00:00:00+00:00,3372,83,2023-01-31 16:05:00.007000+00:00,2023-02-01 07:00:00+00:00
history,1,2023-03-01 00:00:00+00:00,3456,92,2023-02-28 16:05:00.005000+00:00,2023-03-01 07:00:00+00:00
history,1,2023-04-01 00:00:00+00:00,3549,89,2023-03-31 16:05:00.011000+00:00,2023-04-01 07:00:00+00:00
history,1,2023-05-01 00:00:00+00:00,3639,92,2023-04-30 16:05:00.010000+00:00,2023-05-01 07:00:00+00:00
history,1,2023-06-01 00:00:00+00:00,3732,89,2023-05-31 16:05:00+00:00,2023-06-01 07:00:00+00:00
history,1,2023-07-01 00:00:00+00:00,3822,92,2023-06-30 16:05:00.001000+00:00,2023-07-01 07:00:00+00:00
history,1,2023-08-01 00:00:00+00:00,3915,92,2023-07-31 16:05:00.001000+00:00,2023-08-01 07:00:00+00:00
history,1,2023-09-01 00:00:00+00:00,4008,89,2023-08-31 16:05:00+00:00,2023-09-01 07:00:00+00:00
history,1,2023-10-01 00:00:00+00:00,4098,92,2023-09-30 16:05:00+00:00,2023-10-01 07:00:00+00:00
history,1,2023-11-01 00:00:00+00:00,4191,89,2023-10-31 16:05:00+00:00,2023-11-01 07:00:00+00:00
history,1,2023-12-01 00:00:00+00:00,4281,92,2023-11-30 16:05:00+00:00,2023-12-01 07:00:00+00:00
history,1,2024-01-01 00:00:00+00:00,4374,92,2023-12-31 16:05:00+00:00,2024-01-01 07:00:00+00:00
history,1,2024-02-01 00:00:00+00:00,4467,86,2024-01-31 16:05:00+00:00,2024-02-01 07:00:00+00:00
history,1,2024-03-01 00:00:00+00:00,4554,92,2024-02-29 16:05:00+00:00,2024-03-01 07:00:00+00:00
history,1,2024-04-01 00:00:00+00:00,4647,89,2024-03-31 16:05:00.001000+00:00,2024-04-01 07:00:00+00:00
history,1,2024-05-01 00:00:00+00:00,4737,92,2024-04-30 16:05:00+00:00,2024-05-01 07:00:00+00:00
history,1,2024-06-01 00:00:00+00:00,4830,89,2024-05-31 16:05:00+00:00,2024-06-01 07:00:00+00:00
history,1,2024-07-01 00:00:00+00:00,4920,92,2024-06-30 16:05:00+00:00,2024-07-01 07:00:00+00:00
history,1,2024-08-01 00:00:00+00:00,5013,92,2024-07-31 16:05:00+00:00,2024-08-01 07:00:00+00:00
history,1,2024-09-01 00:00:00+00:00,5106,89,2024-08-31 16:05:00+00:00,2024-09-01 07:00:00+00:00
history,1,2024-10-01 00:00:00+00:00,5196,51,2024-09-30 16:05:00+00:00,2024-10-01 07:00:00+00:00
history,2,2023-01-01 00:00:00+00:00,3279,92,2022-12-31 16:05:00+00:00,2023-01-01 06:00:00+00:00
history,2,2023-02-01 00:00:00+00:00,3372,83,2023-01-31 16:05:00.007000+00:00,2023-02-01 06:00:00+00:00
history,2,2023-03-01 00:00:00+00:00,3456,92,2023-02-28 16:05:00.005000+00:00,2023-03-01 06:00:00+00:00
history,2,2023-04-01 00:00:00+00:00,3549,89,2023-03-31 16:05:00.011000+00:00,2023-04-01 06:00:00+00:00
history,2,2023-05-01 00:00:00+00:00,3639,92,2023-04-30 16:05:00.010000+00:00,2023-05-01 06:00:00+00:00
history,2,2023-06-01 00:00:00+00:00,3732,89,2023-05-31 16:05:00+00:00,2023-06-01 06:00:00+00:00
history,2,2023-07-01 00:00:00+00:00,3822,92,2023-06-30 16:05:00.001000+00:00,2023-07-01 06:00:00+00:00
history,2,2023-08-01 00:00:00+00:00,3915,92,2023-07-31 16:05:00.001000+00:00,2023-08-01 06:00:00+00:00
history,2,2023-09-01 00:00:00+00:00,4008,89,2023-08-31 16:05:00+00:00,2023-09-01 06:00:00+00:00
history,2,2023-10-01 00:00:00+00:00,4098,92,2023-09-30 16:05:00+00:00,2023-10-01 06:00:00+00:00
history,2,2023-11-01 00:00:00+00:00,4191,89,2023-10-31 16:05:00+00:00,2023-11-01 06:00:00+00:00
history,2,2023-12-01 00:00:00+00:00,4281,92,2023-11-30 16:05:00+00:00,2023-12-01 06:00:00+00:00
history,2,2024-01-01 00:00:00+00:00,4374,92,2023-12-31 16:05:00+00:00,2024-01-01 06:00:00+00:00
history,2,2024-02-01 00:00:00+00:00,4467,86,2024-01-31 16:05:00+00:00,2024-02-01 06:00:00+00:00
history,2,2024-03-01 00:00:00+00:00,4554,92,2024-02-29 16:05:00+00:00,2024-03-01 06:00:00+00:00
history,2,2024-04-01 00:00:00+00:00,4647,89,2024-03-31 16:05:00.001000+00:00,2024-04-01 06:00:00+00:00
history,2,2024-05-01 00:00:00+00:00,4737,92,2024-04-30 16:05:00+00:00,2024-05-01 06:00:00+00:00
history,2,2024-06-01 00:00:00+00:00,4830,89,2024-05-31 16:05:00+00:00,2024-06-01 06:00:00+00:00
history,2,2024-07-01 00:00:00+00:00,4920,92,2024-06-30 16:05:00+00:00,2024-07-01 06:00:00+00:00
history,2,2024-08-01 00:00:00+00:00,5013,92,2024-07-31 16:05:00+00:00,2024-08-01 06:00:00+00:00
history,2,2024-09-01 00:00:00+00:00,5106,89,2024-08-31 16:05:00+00:00,2024-09-01 06:00:00+00:00
history,2,2024-10-01 00:00:00+00:00,5196,51,2024-09-30 16:05:00+00:00,2024-10-01 06:00:00+00:00
history,4,2023-01-01 00:00:00+00:00,3279,92,2022-12-31 16:05:00+00:00,2023-01-01 04:00:00+00:00
history,4,2023-02-01 00:00:00+00:00,3372,83,2023-01-31 16:05:00.007000+00:00,2023-02-01 04:00:00+00:00
history,4,2023-03-01 00:00:00+00:00,3456,92,2023-02-28 16:05:00.005000+00:00,2023-03-01 04:00:00+00:00
history,4,2023-04-01 00:00:00+00:00,3549,89,2023-03-31 16:05:00.011000+00:00,2023-04-01 04:00:00+00:00
history,4,2023-05-01 00:00:00+00:00,3639,92,2023-04-30 16:05:00.010000+00:00,2023-05-01 04:00:00+00:00
history,4,2023-06-01 00:00:00+00:00,3732,89,2023-05-31 16:05:00+00:00,2023-06-01 04:00:00+00:00
history,4,2023-07-01 00:00:00+00:00,3822,92,2023-06-30 16:05:00.001000+00:00,2023-07-01 04:00:00+00:00
history,4,2023-08-01 00:00:00+00:00,3915,92,2023-07-31 16:05:00.001000+00:00,2023-08-01 04:00:00+00:00
history,4,2023-09-01 00:00:00+00:00,4008,89,2023-08-31 16:05:00+00:00,2023-09-01 04:00:00+00:00
history,4,2023-10-01 00:00:00+00:00,4098,92,2023-09-30 16:05:00+00:00,2023-10-01 04:00:00+00:00
history,4,2023-11-01 00:00:00+00:00,4191,89,2023-10-31 16:05:00+00:00,2023-11-01 04:00:00+00:00
history,4,2023-12-01 00:00:00+00:00,4281,92,2023-11-30 16:05:00+00:00,2023-12-01 04:00:00+00:00
history,4,2024-01-01 00:00:00+00:00,4374,92,2023-12-31 16:05:00+00:00,2024-01-01 04:00:00+00:00
history,4,2024-02-01 00:00:00+00:00,4467,86,2024-01-31 16:05:00+00:00,2024-02-01 04:00:00+00:00
history,4,2024-03-01 00:00:00+00:00,4554,92,2024-02-29 16:05:00+00:00,2024-03-01 04:00:00+00:00
history,4,2024-04-01 00:00:00+00:00,4647,89,2024-03-31 16:05:00.001000+00:00,2024-04-01 04:00:00+00:00
history,4,2024-05-01 00:00:00+00:00,4737,92,2024-04-30 16:05:00+00:00,2024-05-01 04:00:00+00:00
history,4,2024-06-01 00:00:00+00:00,4830,89,2024-05-31 16:05:00+00:00,2024-06-01 04:00:00+00:00
history,4,2024-07-01 00:00:00+00:00,4920,92,2024-06-30 16:05:00+00:00,2024-07-01 04:00:00+00:00
history,4,2024-08-01 00:00:00+00:00,5013,92,2024-07-31 16:05:00+00:00,2024-08-01 04:00:00+00:00
history,4,2024-09-01 00:00:00+00:00,5106,89,2024-08-31 16:05:00+00:00,2024-09-01 04:00:00+00:00
history,4,2024-10-01 00:00:00+00:00,5196,51,2024-09-30 16:05:00+00:00,2024-10-01 04:00:00+00:00
history,6,2023-01-01 00:00:00+00:00,3279,92,2022-12-31 16:05:00+00:00,2023-01-01 02:00:00+00:00
history,6,2023-02-01 00:00:00+00:00,3372,83,2023-01-31 16:05:00.007000+00:00,2023-02-01 02:00:00+00:00
history,6,2023-03-01 00:00:00+00:00,3456,92,2023-02-28 16:05:00.005000+00:00,2023-03-01 02:00:00+00:00
history,6,2023-04-01 00:00:00+00:00,3549,89,2023-03-31 16:05:00.011000+00:00,2023-04-01 02:00:00+00:00
history,6,2023-05-01 00:00:00+00:00,3639,92,2023-04-30 16:05:00.010000+00:00,2023-05-01 02:00:00+00:00
history,6,2023-06-01 00:00:00+00:00,3732,89,2023-05-31 16:05:00+00:00,2023-06-01 02:00:00+00:00
history,6,2023-07-01 00:00:00+00:00,3822,92,2023-06-30 16:05:00.001000+00:00,2023-07-01 02:00:00+00:00
history,6,2023-08-01 00:00:00+00:00,3915,92,2023-07-31 16:05:00.001000+00:00,2023-08-01 02:00:00+00:00
history,6,2023-09-01 00:00:00+00:00,4008,89,2023-08-31 16:05:00+00:00,2023-09-01 02:00:00+00:00
history,6,2023-10-01 00:00:00+00:00,4098,92,2023-09-30 16:05:00+00:00,2023-10-01 02:00:00+00:00
history,6,2023-11-01 00:00:00+00:00,4191,89,2023-10-31 16:05:00+00:00,2023-11-01 02:00:00+00:00
history,6,2023-12-01 00:00:00+00:00,4281,92,2023-11-30 16:05:00+00:00,2023-12-01 02:00:00+00:00
history,6,2024-01-01 00:00:00+00:00,4374,92,2023-12-31 16:05:00+00:00,2024-01-01 02:00:00+00:00
history,6,2024-02-01 00:00:00+00:00,4467,86,2024-01-31 16:05:00+00:00,2024-02-01 02:00:00+00:00
history,6,2024-03-01 00:00:00+00:00,4554,92,2024-02-29 16:05:00+00:00,2024-03-01 02:00:00+00:00
history,6,2024-04-01 00:00:00+00:00,4647,89,2024-03-31 16:05:00.001000+00:00,2024-04-01 02:00:00+00:00
history,6,2024-05-01 00:00:00+00:00,4737,92,2024-04-30 16:05:00+00:00,2024-05-01 02:00:00+00:00
history,6,2024-06-01 00:00:00+00:00,4830,89,2024-05-31 16:05:00+00:00,2024-06-01 02:00:00+00:00
history,6,2024-07-01 00:00:00+00:00,4920,92,2024-06-30 16:05:00+00:00,2024-07-01 02:00:00+00:00
history,6,2024-08-01 00:00:00+00:00,5013,92,2024-07-31 16:05:00+00:00,2024-08-01 02:00:00+00:00
history,6,2024-09-01 00:00:00+00:00,5106,89,2024-08-31 16:05:00+00:00,2024-09-01 02:00:00+00:00
history,6,2024-10-01 00:00:00+00:00,5196,51,2024-09-30 16:05:00+00:00,2024-10-01 02:00:00+00:00
main,1,2023-01-01 00:00:00+00:00,3279,92,2022-12-31 16:05:00+00:00,2023-01-01 07:00:00+00:00
main,1,2023-02-01 00:00:00+00:00,3372,83,2023-01-31 16:05:00.007000+00:00,2023-02-01 07:00:00+00:00
main,1,2023-03-01 00:00:00+00:00,3456,92,2023-02-28 16:05:00.005000+00:00,2023-03-01 07:00:00+00:00
main,1,2023-04-01 00:00:00+00:00,3549,89,2023-03-31 16:05:00.011000+00:00,2023-04-01 07:00:00+00:00
main,1,2023-05-01 00:00:00+00:00,3639,92,2023-04-30 16:05:00.010000+00:00,2023-05-01 07:00:00+00:00
main,1,2023-06-01 00:00:00+00:00,3732,89,2023-05-31 16:05:00+00:00,2023-06-01 07:00:00+00:00
main,1,2023-07-01 00:00:00+00:00,3822,92,2023-06-30 16:05:00.001000+00:00,2023-07-01 07:00:00+00:00
main,1,2023-08-01 00:00:00+00:00,3915,92,2023-07-31 16:05:00.001000+00:00,2023-08-01 07:00:00+00:00
main,1,2023-09-01 00:00:00+00:00,4008,89,2023-08-31 16:05:00+00:00,2023-09-01 07:00:00+00:00
main,1,2023-10-01 00:00:00+00:00,4098,92,2023-09-30 16:05:00+00:00,2023-10-01 07:00:00+00:00
main,1,2023-11-01 00:00:00+00:00,4191,89,2023-10-31 16:05:00+00:00,2023-11-01 07:00:00+00:00
main,1,2023-12-01 00:00:00+00:00,4281,92,2023-11-30 16:05:00+00:00,2023-12-01 07:00:00+00:00
main,1,2024-01-01 00:00:00+00:00,4374,92,2023-12-31 16:05:00+00:00,2024-01-01 07:00:00+00:00
main,1,2024-02-01 00:00:00+00:00,4467,86,2024-01-31 16:05:00+00:00,2024-02-01 07:00:00+00:00
main,1,2024-03-01 00:00:00+00:00,4554,92,2024-02-29 16:05:00+00:00,2024-03-01 07:00:00+00:00
main,1,2024-04-01 00:00:00+00:00,4647,89,2024-03-31 16:05:00.001000+00:00,2024-04-01 07:00:00+00:00
main,1,2024-05-01 00:00:00+00:00,4737,92,2024-04-30 16:05:00+00:00,2024-05-01 07:00:00+00:00
main,1,2024-06-01 00:00:00+00:00,4830,89,2024-05-31 16:05:00+00:00,2024-06-01 07:00:00+00:00
main,1,2024-07-01 00:00:00+00:00,4920,92,2024-06-30 16:05:00+00:00,2024-07-01 07:00:00+00:00
main,1,2024-08-01 00:00:00+00:00,5013,92,2024-07-31 16:05:00+00:00,2024-08-01 07:00:00+00:00
main,1,2024-09-01 00:00:00+00:00,5106,89,2024-08-31 16:05:00+00:00,2024-09-01 07:00:00+00:00
main,1,2024-10-01 00:00:00+00:00,5196,51,2024-09-30 16:05:00+00:00,2024-10-01 07:00:00+00:00
main,2,2023-01-01 00:00:00+00:00,3279,92,2022-12-31 16:05:00+00:00,2023-01-01 06:00:00+00:00
main,2,2023-02-01 00:00:00+00:00,3372,83,2023-01-31 16:05:00.007000+00:00,2023-02-01 06:00:00+00:00
main,2,2023-03-01 00:00:00+00:00,3456,92,2023-02-28 16:05:00.005000+00:00,2023-03-01 06:00:00+00:00
main,2,2023-04-01 00:00:00+00:00,3549,89,2023-03-31 16:05:00.011000+00:00,2023-04-01 06:00:00+00:00
main,2,2023-05-01 00:00:00+00:00,3639,92,2023-04-30 16:05:00.010000+00:00,2023-05-01 06:00:00+00:00
main,2,2023-06-01 00:00:00+00:00,3732,89,2023-05-31 16:05:00+00:00,2023-06-01 06:00:00+00:00
main,2,2023-07-01 00:00:00+00:00,3822,92,2023-06-30 16:05:00.001000+00:00,2023-07-01 06:00:00+00:00
main,2,2023-08-01 00:00:00+00:00,3915,92,2023-07-31 16:05:00.001000+00:00,2023-08-01 06:00:00+00:00
main,2,2023-09-01 00:00:00+00:00,4008,89,2023-08-31 16:05:00+00:00,2023-09-01 06:00:00+00:00
main,2,2023-10-01 00:00:00+00:00,4098,92,2023-09-30 16:05:00+00:00,2023-10-01 06:00:00+00:00
main,2,2023-11-01 00:00:00+00:00,4191,89,2023-10-31 16:05:00+00:00,2023-11-01 06:00:00+00:00
main,2,2023-12-01 00:00:00+00:00,4281,92,2023-11-30 16:05:00+00:00,2023-12-01 06:00:00+00:00
main,2,2024-01-01 00:00:00+00:00,4374,92,2023-12-31 16:05:00+00:00,2024-01-01 06:00:00+00:00
main,2,2024-02-01 00:00:00+00:00,4467,86,2024-01-31 16:05:00+00:00,2024-02-01 06:00:00+00:00
main,2,2024-03-01 00:00:00+00:00,4554,92,2024-02-29 16:05:00+00:00,2024-03-01 06:00:00+00:00
main,2,2024-04-01 00:00:00+00:00,4647,89,2024-03-31 16:05:00.001000+00:00,2024-04-01 06:00:00+00:00
main,2,2024-05-01 00:00:00+00:00,4737,92,2024-04-30 16:05:00+00:00,2024-05-01 06:00:00+00:00
main,2,2024-06-01 00:00:00+00:00,4830,89,2024-05-31 16:05:00+00:00,2024-06-01 06:00:00+00:00
main,2,2024-07-01 00:00:00+00:00,4920,92,2024-06-30 16:05:00+00:00,2024-07-01 06:00:00+00:00
main,2,2024-08-01 00:00:00+00:00,5013,92,2024-07-31 16:05:00+00:00,2024-08-01 06:00:00+00:00
main,2,2024-09-01 00:00:00+00:00,5106,89,2024-08-31 16:05:00+00:00,2024-09-01 06:00:00+00:00
main,2,2024-10-01 00:00:00+00:00,5196,51,2024-09-30 16:05:00+00:00,2024-10-01 06:00:00+00:00
main,4,2023-01-01 00:00:00+00:00,3279,92,2022-12-31 16:05:00+00:00,2023-01-01 04:00:00+00:00
main,4,2023-02-01 00:00:00+00:00,3372,83,2023-01-31 16:05:00.007000+00:00,2023-02-01 04:00:00+00:00
main,4,2023-03-01 00:00:00+00:00,3456,92,2023-02-28 16:05:00.005000+00:00,2023-03-01 04:00:00+00:00
main,4,2023-04-01 00:00:00+00:00,3549,89,2023-03-31 16:05:00.011000+00:00,2023-04-01 04:00:00+00:00
main,4,2023-05-01 00:00:00+00:00,3639,92,2023-04-30 16:05:00.010000+00:00,2023-05-01 04:00:00+00:00
main,4,2023-06-01 00:00:00+00:00,3732,89,2023-05-31 16:05:00+00:00,2023-06-01 04:00:00+00:00
main,4,2023-07-01 00:00:00+00:00,3822,92,2023-06-30 16:05:00.001000+00:00,2023-07-01 04:00:00+00:00
main,4,2023-08-01 00:00:00+00:00,3915,92,2023-07-31 16:05:00.001000+00:00,2023-08-01 04:00:00+00:00
main,4,2023-09-01 00:00:00+00:00,4008,89,2023-08-31 16:05:00+00:00,2023-09-01 04:00:00+00:00
main,4,2023-10-01 00:00:00+00:00,4098,92,2023-09-30 16:05:00+00:00,2023-10-01 04:00:00+00:00
main,4,2023-11-01 00:00:00+00:00,4191,89,2023-10-31 16:05:00+00:00,2023-11-01 04:00:00+00:00
main,4,2023-12-01 00:00:00+00:00,4281,92,2023-11-30 16:05:00+00:00,2023-12-01 04:00:00+00:00
main,4,2024-01-01 00:00:00+00:00,4374,92,2023-12-31 16:05:00+00:00,2024-01-01 04:00:00+00:00
main,4,2024-02-01 00:00:00+00:00,4467,86,2024-01-31 16:05:00+00:00,2024-02-01 04:00:00+00:00
main,4,2024-03-01 00:00:00+00:00,4554,92,2024-02-29 16:05:00+00:00,2024-03-01 04:00:00+00:00
main,4,2024-04-01 00:00:00+00:00,4647,89,2024-03-31 16:05:00.001000+00:00,2024-04-01 04:00:00+00:00
main,4,2024-05-01 00:00:00+00:00,4737,92,2024-04-30 16:05:00+00:00,2024-05-01 04:00:00+00:00
main,4,2024-06-01 00:00:00+00:00,4830,89,2024-05-31 16:05:00+00:00,2024-06-01 04:00:00+00:00
main,4,2024-07-01 00:00:00+00:00,4920,92,2024-06-30 16:05:00+00:00,2024-07-01 04:00:00+00:00
main,4,2024-08-01 00:00:00+00:00,5013,92,2024-07-31 16:05:00+00:00,2024-08-01 04:00:00+00:00
main,4,2024-09-01 00:00:00+00:00,5106,89,2024-08-31 16:05:00+00:00,2024-09-01 04:00:00+00:00
main,4,2024-10-01 00:00:00+00:00,5196,51,2024-09-30 16:05:00+00:00,2024-10-01 04:00:00+00:00
main,6,2023-01-01 00:00:00+00:00,3279,92,2022-12-31 16:05:00+00:00,2023-01-01 02:00:00+00:00
main,6,2023-02-01 00:00:00+00:00,3372,83,2023-01-31 16:05:00.007000+00:00,2023-02-01 02:00:00+00:00
main,6,2023-03-01 00:00:00+00:00,3456,92,2023-02-28 16:05:00.005000+00:00,2023-03-01 02:00:00+00:00
main,6,2023-04-01 00:00:00+00:00,3549,89,2023-03-31 16:05:00.011000+00:00,2023-04-01 02:00:00+00:00
main,6,2023-05-01 00:00:00+00:00,3639,92,2023-04-30 16:05:00.010000+00:00,2023-05-01 02:00:00+00:00
main,6,2023-06-01 00:00:00+00:00,3732,89,2023-05-31 16:05:00+00:00,2023-06-01 02:00:00+00:00
main,6,2023-07-01 00:00:00+00:00,3822,92,2023-06-30 16:05:00.001000+00:00,2023-07-01 02:00:00+00:00
main,6,2023-08-01 00:00:00+00:00,3915,92,2023-07-31 16:05:00.001000+00:00,2023-08-01 02:00:00+00:00
main,6,2023-09-01 00:00:00+00:00,4008,89,2023-08-31 16:05:00+00:00,2023-09-01 02:00:00+00:00
main,6,2023-10-01 00:00:00+00:00,4098,92,2023-09-30 16:05:00+00:00,2023-10-01 02:00:00+00:00
main,6,2023-11-01 00:00:00+00:00,4191,89,2023-10-31 16:05:00+00:00,2023-11-01 02:00:00+00:00
main,6,2023-12-01 00:00:00+00:00,4281,92,2023-11-30 16:05:00+00:00,2023-12-01 02:00:00+00:00
main,6,2024-01-01 00:00:00+00:00,4374,92,2023-12-31 16:05:00+00:00,2024-01-01 02:00:00+00:00
main,6,2024-02-01 00:00:00+00:00,4467,86,2024-01-31 16:05:00+00:00,2024-02-01 02:00:00+00:00
main,6,2024-03-01 00:00:00+00:00,4554,92,2024-02-29 16:05:00+00:00,2024-03-01 02:00:00+00:00
main,6,2024-04-01 00:00:00+00:00,4647,89,2024-03-31 16:05:00.001000+00:00,2024-04-01 02:00:00+00:00
main,6,2024-05-01 00:00:00+00:00,4737,92,2024-04-30 16:05:00+00:00,2024-05-01 02:00:00+00:00
main,6,2024-06-01 00:00:00+00:00,4830,89,2024-05-31 16:05:00+00:00,2024-06-01 02:00:00+00:00
main,6,2024-07-01 00:00:00+00:00,4920,92,2024-06-30 16:05:00+00:00,2024-07-01 02:00:00+00:00
main,6,2024-08-01 00:00:00+00:00,5013,92,2024-07-31 16:05:00+00:00,2024-08-01 02:00:00+00:00
main,6,2024-09-01 00:00:00+00:00,5106,89,2024-08-31 16:05:00+00:00,2024-09-01 02:00:00+00:00
main,6,2024-10-01 00:00:00+00:00,5196,51,2024-09-30 16:05:00+00:00,2024-10-01 02:00:00+00:00
delay_60m,1,2023-01-01 00:00:00+00:00,3279,92,2022-12-31 16:05:00+00:00,2023-01-01 07:00:00+00:00
delay_60m,1,2023-02-01 00:00:00+00:00,3372,83,2023-01-31 16:05:00.007000+00:00,2023-02-01 07:00:00+00:00
delay_60m,1,2023-03-01 00:00:00+00:00,3456,92,2023-02-28 16:05:00.005000+00:00,2023-03-01 07:00:00+00:00
delay_60m,1,2023-04-01 00:00:00+00:00,3549,89,2023-03-31 16:05:00.011000+00:00,2023-04-01 07:00:00+00:00
delay_60m,1,2023-05-01 00:00:00+00:00,3639,92,2023-04-30 16:05:00.010000+00:00,2023-05-01 07:00:00+00:00
delay_60m,1,2023-06-01 00:00:00+00:00,3732,89,2023-05-31 16:05:00+00:00,2023-06-01 07:00:00+00:00
delay_60m,1,2023-07-01 00:00:00+00:00,3822,92,2023-06-30 16:05:00.001000+00:00,2023-07-01 07:00:00+00:00
delay_60m,1,2023-08-01 00:00:00+00:00,3915,92,2023-07-31 16:05:00.001000+00:00,2023-08-01 07:00:00+00:00
delay_60m,1,2023-09-01 00:00:00+00:00,4008,89,2023-08-31 16:05:00+00:00,2023-09-01 07:00:00+00:00
delay_60m,1,2023-10-01 00:00:00+00:00,4098,92,2023-09-30 16:05:00+00:00,2023-10-01 07:00:00+00:00
delay_60m,1,2023-11-01 00:00:00+00:00,4191,89,2023-10-31 16:05:00+00:00,2023-11-01 07:00:00+00:00
delay_60m,1,2023-12-01 00:00:00+00:00,4281,92,2023-11-30 16:05:00+00:00,2023-12-01 07:00:00+00:00
delay_60m,1,2024-01-01 00:00:00+00:00,4374,92,2023-12-31 16:05:00+00:00,2024-01-01 07:00:00+00:00
delay_60m,1,2024-02-01 00:00:00+00:00,4467,86,2024-01-31 16:05:00+00:00,2024-02-01 07:00:00+00:00
delay_60m,1,2024-03-01 00:00:00+00:00,4554,92,2024-02-29 16:05:00+00:00,2024-03-01 07:00:00+00:00
delay_60m,1,2024-04-01 00:00:00+00:00,4647,89,2024-03-31 16:05:00.001000+00:00,2024-04-01 07:00:00+00:00
delay_60m,1,2024-05-01 00:00:00+00:00,4737,92,2024-04-30 16:05:00+00:00,2024-05-01 07:00:00+00:00
delay_60m,1,2024-06-01 00:00:00+00:00,4830,89,2024-05-31 16:05:00+00:00,2024-06-01 07:00:00+00:00
delay_60m,1,2024-07-01 00:00:00+00:00,4920,92,2024-06-30 16:05:00+00:00,2024-07-01 07:00:00+00:00
delay_60m,1,2024-08-01 00:00:00+00:00,5013,92,2024-07-31 16:05:00+00:00,2024-08-01 07:00:00+00:00
delay_60m,1,2024-09-01 00:00:00+00:00,5106,89,2024-08-31 16:05:00+00:00,2024-09-01 07:00:00+00:00
delay_60m,1,2024-10-01 00:00:00+00:00,5196,51,2024-09-30 16:05:00+00:00,2024-10-01 07:00:00+00:00
delay_60m,2,2023-01-01 00:00:00+00:00,3279,92,2022-12-31 16:05:00+00:00,2023-01-01 06:00:00+00:00
delay_60m,2,2023-02-01 00:00:00+00:00,3372,83,2023-01-31 16:05:00.007000+00:00,2023-02-01 06:00:00+00:00
delay_60m,2,2023-03-01 00:00:00+00:00,3456,92,2023-02-28 16:05:00.005000+00:00,2023-03-01 06:00:00+00:00
delay_60m,2,2023-04-01 00:00:00+00:00,3549,89,2023-03-31 16:05:00.011000+00:00,2023-04-01 06:00:00+00:00
delay_60m,2,2023-05-01 00:00:00+00:00,3639,92,2023-04-30 16:05:00.010000+00:00,2023-05-01 06:00:00+00:00
delay_60m,2,2023-06-01 00:00:00+00:00,3732,89,2023-05-31 16:05:00+00:00,2023-06-01 06:00:00+00:00
delay_60m,2,2023-07-01 00:00:00+00:00,3822,92,2023-06-30 16:05:00.001000+00:00,2023-07-01 06:00:00+00:00
delay_60m,2,2023-08-01 00:00:00+00:00,3915,92,2023-07-31 16:05:00.001000+00:00,2023-08-01 06:00:00+00:00
delay_60m,2,2023-09-01 00:00:00+00:00,4008,89,2023-08-31 16:05:00+00:00,2023-09-01 06:00:00+00:00
delay_60m,2,2023-10-01 00:00:00+00:00,4098,92,2023-09-30 16:05:00+00:00,2023-10-01 06:00:00+00:00
delay_60m,2,2023-11-01 00:00:00+00:00,4191,89,2023-10-31 16:05:00+00:00,2023-11-01 06:00:00+00:00
delay_60m,2,2023-12-01 00:00:00+00:00,4281,92,2023-11-30 16:05:00+00:00,2023-12-01 06:00:00+00:00
delay_60m,2,2024-01-01 00:00:00+00:00,4374,92,2023-12-31 16:05:00+00:00,2024-01-01 06:00:00+00:00
delay_60m,2,2024-02-01 00:00:00+00:00,4467,86,2024-01-31 16:05:00+00:00,2024-02-01 06:00:00+00:00
delay_60m,2,2024-03-01 00:00:00+00:00,4554,92,2024-02-29 16:05:00+00:00,2024-03-01 06:00:00+00:00
delay_60m,2,2024-04-01 00:00:00+00:00,4647,89,2024-03-31 16:05:00.001000+00:00,2024-04-01 06:00:00+00:00
delay_60m,2,2024-05-01 00:00:00+00:00,4737,92,2024-04-30 16:05:00+00:00,2024-05-01 06:00:00+00:00
delay_60m,2,2024-06-01 00:00:00+00:00,4830,89,2024-05-31 16:05:00+00:00,2024-06-01 06:00:00+00:00
delay_60m,2,2024-07-01 00:00:00+00:00,4920,92,2024-06-30 16:05:00+00:00,2024-07-01 06:00:00+00:00
delay_60m,2,2024-08-01 00:00:00+00:00,5013,92,2024-07-31 16:05:00+00:00,2024-08-01 06:00:00+00:00
delay_60m,2,2024-09-01 00:00:00+00:00,5106,89,2024-08-31 16:05:00+00:00,2024-09-01 06:00:00+00:00
delay_60m,2,2024-10-01 00:00:00+00:00,5196,51,2024-09-30 16:05:00+00:00,2024-10-01 06:00:00+00:00
delay_60m,4,2023-01-01 00:00:00+00:00,3279,92,2022-12-31 16:05:00+00:00,2023-01-01 04:00:00+00:00
delay_60m,4,2023-02-01 00:00:00+00:00,3372,83,2023-01-31 16:05:00.007000+00:00,2023-02-01 04:00:00+00:00
delay_60m,4,2023-03-01 00:00:00+00:00,3456,92,2023-02-28 16:05:00.005000+00:00,2023-03-01 04:00:00+00:00
delay_60m,4,2023-04-01 00:00:00+00:00,3549,89,2023-03-31 16:05:00.011000+00:00,2023-04-01 04:00:00+00:00
delay_60m,4,2023-05-01 00:00:00+00:00,3639,92,2023-04-30 16:05:00.010000+00:00,2023-05-01 04:00:00+00:00
delay_60m,4,2023-06-01 00:00:00+00:00,3732,89,2023-05-31 16:05:00+00:00,2023-06-01 04:00:00+00:00
delay_60m,4,2023-07-01 00:00:00+00:00,3822,92,2023-06-30 16:05:00.001000+00:00,2023-07-01 04:00:00+00:00
delay_60m,4,2023-08-01 00:00:00+00:00,3915,92,2023-07-31 16:05:00.001000+00:00,2023-08-01 04:00:00+00:00
delay_60m,4,2023-09-01 00:00:00+00:00,4008,89,2023-08-31 16:05:00+00:00,2023-09-01 04:00:00+00:00
delay_60m,4,2023-10-01 00:00:00+00:00,4098,92,2023-09-30 16:05:00+00:00,2023-10-01 04:00:00+00:00
delay_60m,4,2023-11-01 00:00:00+00:00,4191,89,2023-10-31 16:05:00+00:00,2023-11-01 04:00:00+00:00
delay_60m,4,2023-12-01 00:00:00+00:00,4281,92,2023-11-30 16:05:00+00:00,2023-12-01 04:00:00+00:00
delay_60m,4,2024-01-01 00:00:00+00:00,4374,92,2023-12-31 16:05:00+00:00,2024-01-01 04:00:00+00:00
delay_60m,4,2024-02-01 00:00:00+00:00,4467,86,2024-01-31 16:05:00+00:00,2024-02-01 04:00:00+00:00
delay_60m,4,2024-03-01 00:00:00+00:00,4554,92,2024-02-29 16:05:00+00:00,2024-03-01 04:00:00+00:00
delay_60m,4,2024-04-01 00:00:00+00:00,4647,89,2024-03-31 16:05:00.001000+00:00,2024-04-01 04:00:00+00:00
delay_60m,4,2024-05-01 00:00:00+00:00,4737,92,2024-04-30 16:05:00+00:00,2024-05-01 04:00:00+00:00
delay_60m,4,2024-06-01 00:00:00+00:00,4830,89,2024-05-31 16:05:00+00:00,2024-06-01 04:00:00+00:00
delay_60m,4,2024-07-01 00:00:00+00:00,4920,92,2024-06-30 16:05:00+00:00,2024-07-01 04:00:00+00:00
delay_60m,4,2024-08-01 00:00:00+00:00,5013,92,2024-07-31 16:05:00+00:00,2024-08-01 04:00:00+00:00
delay_60m,4,2024-09-01 00:00:00+00:00,5106,89,2024-08-31 16:05:00+00:00,2024-09-01 04:00:00+00:00
delay_60m,4,2024-10-01 00:00:00+00:00,5196,51,2024-09-30 16:05:00+00:00,2024-10-01 04:00:00+00:00
delay_60m,6,2023-01-01 00:00:00+00:00,2965,91,2022-12-31 16:05:00+00:00,2023-01-01 02:00:00+00:00
delay_60m,6,2023-02-01 00:00:00+00:00,3057,74,2023-01-31 16:05:00.007000+00:00,2023-02-01 02:00:00+00:00
delay_60m,6,2023-03-01 00:00:00+00:00,3132,84,2023-02-28 16:05:00.005000+00:00,2023-03-01 02:00:00+00:00
delay_60m,6,2023-04-01 00:00:00+00:00,3217,80,2023-03-31 16:05:00.011000+00:00,2023-04-01 02:00:00+00:00
delay_60m,6,2023-05-01 00:00:00+00:00,3298,80,2023-04-30 16:05:00.010000+00:00,2023-05-01 18:00:00+00:00
delay_60m,6,2023-06-01 00:00:00+00:00,3379,87,2023-05-31 16:05:00+00:00,2023-06-01 02:00:00+00:00
delay_60m,6,2023-07-01 00:00:00+00:00,3467,91,2023-06-30 16:05:00.001000+00:00,2023-07-01 02:00:00+00:00
delay_60m,6,2023-08-01 00:00:00+00:00,3559,92,2023-07-31 16:05:00.001000+00:00,2023-08-01 02:00:00+00:00
delay_60m,6,2023-09-01 00:00:00+00:00,3652,88,2023-08-31 16:05:00+00:00,2023-09-01 02:00:00+00:00
delay_60m,6,2023-10-01 00:00:00+00:00,3741,91,2023-09-30 16:05:00+00:00,2023-10-01 02:00:00+00:00
delay_60m,6,2023-11-01 00:00:00+00:00,3833,88,2023-10-31 16:05:00+00:00,2023-11-01 02:00:00+00:00
delay_60m,6,2023-12-01 00:00:00+00:00,3922,90,2023-11-30 16:05:00+00:00,2023-12-01 02:00:00+00:00
delay_60m,6,2024-01-01 00:00:00+00:00,4013,90,2023-12-31 16:05:00+00:00,2024-01-01 02:00:00+00:00
delay_60m,6,2024-02-01 00:00:00+00:00,4104,86,2024-01-31 16:05:00+00:00,2024-02-01 02:00:00+00:00
delay_60m,6,2024-03-01 00:00:00+00:00,4191,90,2024-02-29 16:05:00+00:00,2024-03-01 02:00:00+00:00
delay_60m,6,2024-04-01 00:00:00+00:00,4282,89,2024-03-31 16:05:00.001000+00:00,2024-04-01 02:00:00+00:00
delay_60m,6,2024-05-01 00:00:00+00:00,4372,91,2024-04-30 16:05:00+00:00,2024-05-01 02:00:00+00:00
delay_60m,6,2024-06-01 00:00:00+00:00,4464,88,2024-05-31 16:05:00+00:00,2024-06-01 02:00:00+00:00
delay_60m,6,2024-07-01 00:00:00+00:00,4553,90,2024-06-30 16:05:00+00:00,2024-07-01 02:00:00+00:00
delay_60m,6,2024-08-01 00:00:00+00:00,4644,90,2024-07-31 16:05:00+00:00,2024-08-01 02:00:00+00:00
delay_60m,6,2024-09-01 00:00:00+00:00,4735,89,2024-08-31 16:05:00+00:00,2024-09-01 02:00:00+00:00
delay_60m,6,2024-10-01 00:00:00+00:00,4824,50,2024-09-30 16:05:00+00:00,2024-10-01 02:00:00+00:00
